index,filename,page,line_num,text,x,y,width,height
7002,65028.pdf,57,7,05317-1,403,658,88,22
7003,65028.pdf,57,7,ก่อสร้างอาคารอเนกประสงค์ 3 ชั้น 1,512,646,329,34
7004,65028.pdf,57,7,หลัง โรงเรียนวัดจักรวรรติ,840,652,232,28
7005,65028.pdf,57,7,2152764,1265,657,106,26
7006,65028.pdf,57,7,บาท,1377,660,48,20
17712,65033.pdf,36,23,2.1 ค่าตอบแทน ใช้สอยและวัสดุ,243,1389,334,39
17713,65033.pdf,36,23,"16,213,686",1107,1396,134,27
17714,65033.pdf,36,23,บาท,1247,1399,56,20
17715,65033.pdf,36,24,2.1.1 ค่าตอบแทน,284,1443,193,29
17716,65033.pdf,36,24,"7,486,740",1120,1448,121,27
17717,65033.pdf,36,24,บาท,1247,1451,56,20
17722,65033.pdf,36,29,2.1.2 ค่าใช้สอย,284,1699,168,31
17723,65033.pdf,36,29,"371,580",1141,1706,100,27
17724,65033.pdf,36,29,บาท,1247,1709,56,20
17726,65033.pdf,36,31,2.1.3 ค่าวัสดุ,284,1802,144,39
17727,65033.pdf,36,31,"8,243,016",1120,1809,121,27
17728,65033.pdf,36,31,บาท,1247,1812,56,20
17734,65033.pdf,37,1,2.2 ค่าสาธารณูปโภค,243,203,221,38
17735,65033.pdf,37,1,"112,350",1142,209,99,27
17736,65033.pdf,37,1,บาท,1247,212,56,20
18847,65033.pdf,50,22,2.1 ค่าตอบแทน,243,1340,172,29
18848,65033.pdf,50,22,"48,100",1155,1345,86,27
18849,65033.pdf,50,22,บาท,1247,1348,56,20
18851,65033.pdf,50,24,2.2 ค่าใช้สอย,243,1441,148,31
18852,65033.pdf,50,24,"579,560",1141,1448,100,27
18853,65033.pdf,50,24,บาท,1247,1451,56,20
18859,65033.pdf,50,30,2.3 ค่าวัสดุ,243,1751,123,39
18860,65033.pdf,50,30,"151,425",1142,1758,99,27
18861,65033.pdf,50,30,บาท,1247,1761,56,20
23202,65035.pdf,50,18,05315-1,355,1365,97,24
23203,65035.pdf,50,18,ก่อสร้างเขื่อน ค.ส.ล. (ดาดท้องคลอง) คลองมอญ,495,1354,475,40
23245,65035.pdf,52,1,งาน: บริหารทัวไปฝ่ายพัฒนาชุมชน,238,296,360,44
23246,65035.pdf,52,1,"3,160,245",1306,308,119,27
23247,65035.pdf,52,1,บาท,1466,311,56,20
23251,65035.pdf,52,3,1.1,239,413,41,24
23252,65035.pdf,52,3,เงินเดือน,281,407,98,30
23253,65035.pdf,52,3,"1,810,908",1141,412,119,27
23254,65035.pdf,52,3,บาท,1324,416,56,20
23267,65035.pdf,52,7,1.2 ค่าจ้างประจำ,239,614,185,31
23268,65035.pdf,52,7,"209,644",1161,620,101,27
23269,65035.pdf,52,7,บาท,1324,624,56,20
23287,65035.pdf,52,12,1.3 ค่าจ้างชั่วคราว,239,872,199,36
23288,65035.pdf,52,12,"48,960",1175,883,86,27
23289,65035.pdf,52,12,บาท,1324,887,55,20
23302,65035.pdf,52,16,1.4 ค่าตอบแทน ใช้สอยและวัสดุ,239,1085,333,39
23303,65035.pdf,52,16,"43,311",1175,1091,84,27
23304,65035.pdf,52,16,บาท,1324,1095,56,20
23313,65035.pdf,52,19,2. งบดำเนินงาน,238,1298,174,30
23314,65035.pdf,52,19,"838,922",1161,1304,101,27
23315,65035.pdf,52,19,บาท,1324,1307,56,20
23338,65035.pdf,53,1,3. งบลงทุน,238,308,125,32
23339,65035.pdf,53,1,"208,500",1161,308,100,27
23340,65035.pdf,53,1,บาท,1324,311,56,20
23738,65035.pdf,59,1,งาน: ป้องกันและควบคุมโรค,238,355,291,39
23739,65035.pdf,59,1,"1,327,357",1307,362,119,27
23740,65035.pdf,59,1,บาท,1467,365,55,20
23741,65035.pdf,59,2,1. งบบุคลากร,239,416,151,32
23742,65035.pdf,59,2,"1,177,557",1141,416,119,27
23743,65035.pdf,59,2,บาท,1324,419,56,20
23802,65035.pdf,59,18,03217-1,355,1249,97,24
23803,65035.pdf,59,18,เงินสมทบกองทุนประกันสังคม,489,1243,298,38
23804,65035.pdf,59,18,"6,480",1357,1250,69,27
23805,65035.pdf,59,18,บาท,1468,1253,53,21
23806,65035.pdf,59,19,03128-1,355,1303,97,24
23807,65035.pdf,59,19,เงินตอบแทนพิเศษของลูกจ้างประจำ,489,1297,356,38
23808,65035.pdf,59,19,"3,030",1357,1305,69,27
23809,65035.pdf,59,19,บาท,1468,1308,53,21
23819,65035.pdf,59,23,05199-5,355,1558,98,24
23820,65035.pdf,59,23, เครื่องวัดระดับเสียง,489,1547,196,35
23821,65035.pdf,59,23,1 เครื่อง,686,1547,88,35
23822,65035.pdf,59,23,"149,800",1332,1559,94,27
23823,65035.pdf,59,23,บาท,1468,1562,53,21
26807,65037.pdf,26,11,05141-2,251,879,95,22
26808,65037.pdf,26,11,รถนังส่วนกลาง ปริมาตรกระบอกสูบ,386,868,341,42
26809,65037.pdf,26,11,"1,300 - 1,600 ซีซี",729,873,181,32
28303,65037.pdf,52,11,05314-16,251,981,108,23
28304,65037.pdf,52,11,ขุดลอกคลองกะเฉด จากซอยรามอินทรา 39,386,978,413,35
29593,65038.pdf,30,15,2.1 ค่าตอบแทน ใช้สอยและวัสดุ,150,1009,321,36
29594,65038.pdf,30,15,"1,293,800",1070,1014,113,26
29595,65038.pdf,30,15,บาท,1248,1017,53,21
29596,65038.pdf,30,16,2.1 ค่าตอบแทน,190,1057,165,27
29597,65038.pdf,30,16,"427,800",1087,1059,96,27
29598,65038.pdf,30,16,บาท,1248,1063,53,21
29600,65038.pdf,30,18,2.2 ค่าใช้สอย,190,1145,142,29
29601,65038.pdf,30,18,"507,100",1087,1150,96,26
29602,65038.pdf,30,18,บาท,1248,1153,53,21
29606,65038.pdf,30,22,2.3 ค่าวัสดุ,190,1372,118,36
29607,65038.pdf,30,22,"358,900",1087,1377,96,26
29608,65038.pdf,30,22,บาท,1248,1380,53,21
32500,65039.pdf,35,28,07199-1,246,1610,94,23
32501,65039.pdf,35,28,ค่าใช้จ่ายในการบำรุงรักษา ปรับปรุง และเพิ่มพื้นที่,381,1597,469,44
36493,65040.pdf,55,1,งาน: งบประมาณโรงเรียน,159,200,266,30
36494,65040.pdf,55,1,"152,603,180",1276,206,147,27
36495,65040.pdf,55,1,บาท,1445,209,55,20
36496,65040.pdf,55,2,1. งบบุคลากร,160,264,151,32
36497,65040.pdf,55,2,"19,037,320",1058,264,133,27
36498,65040.pdf,55,2,บาท,1200,267,56,20
36564,65040.pdf,55,20,2. งบดำเนินงาน,159,1347,175,30
36565,65040.pdf,55,20,"53,117,960",1057,1353,134,27
36566,65040.pdf,55,20,บาท,1200,1356,56,20
36595,65040.pdf,56,5,3. งบลงทุน,159,436,126,32
36596,65040.pdf,56,5,"1,607,200",1072,436,119,27
36597,65040.pdf,56,5,บาท,1200,439,56,20
36666,65040.pdf,57,3,4. งบเงินอุดหนุน,159,373,180,37
36667,65040.pdf,57,3,"68,188,000",1057,378,134,27
36668,65040.pdf,57,3,บาท,1200,381,56,20
36677,65040.pdf,57,6,5. งบรายจ่ายอื่น,159,629,177,36
36678,65040.pdf,57,6,"10,652,700",1058,641,133,27
36679,65040.pdf,57,6,บาท,1200,644,56,20
36680,65040.pdf,57,7,07199-1,284,687,97,24
36681,65040.pdf,57,7,(1) ค่าใช้จ่ายโครงการเกษตรปลอดสารพิษ,425,681,412,31
36682,65040.pdf,57,7,"50,000",1340,690,83,27
36683,65040.pdf,57,7,บาท,1446,693,54,21
36684,65040.pdf,57,8,07199-2,284,737,99,24
36685,65040.pdf,57,8,(2) ค่าใช้จ่ายตามโครงการเรียนฟรี เรียนดี,425,731,407,31
36689,65040.pdf,57,10,07199-3,284,836,98,24
36690,65040.pdf,57,10,(3) ค่าใช้จ่ายในการสอนภาษามลายู,425,830,350,38
36691,65040.pdf,57,10,"480,000",1327,838,96,27
36692,65040.pdf,57,10,บาท,1446,841,54,21
36693,65040.pdf,57,11,07124-1,284,885,97,24
36694,65040.pdf,57,11,(4) ค่าใช้จ่ายในการจัดประชุมสัมมนาคณะกรรมการ,425,879,505,38
36698,65040.pdf,57,13,07125-1,284,984,97,24
36699,65040.pdf,57,13,(5) ค่าใช้จ่ายในการสัมมนาประธานกรรมการเครือข่าย,425,978,526,31
36703,65040.pdf,57,15,07126-1,284,1083,97,24
36704,65040.pdf,57,15,(6) ค่าใช้จ่ายในการส่งเสริมสนับสนุนให้นักเรียนสร้างสรรค์ผลงานเพื่อการเรียนรู้,425,1072,770,43
36705,65040.pdf,57,15,"444,700",1327,1085,96,27
36706,65040.pdf,57,15,บาท,1446,1088,54,21
36708,65041.pdf,27,1,2.2 ค่าสาธารญูปโภค|_,109,208,247,44
36709,65041.pdf,27,1,"1,186,920",1077,219,120,27
36710,65041.pdf,27,1,บาท,1265,223,56,20
36714,65041.pdf,27,4,3. งบลงทุน,109,413,125,32
36715,65041.pdf,27,4,"119,840",1098,413,99,27
36716,65041.pdf,27,4,บาท,1265,416,56,20
40801,65042.pdf,46,11,3.5 ม. -,528,767,82,23
40802,65042.pdf,46,11,5.8 ม. ยาวประมาณ 382 ม.,614,764,260,26
40810,65042.pdf,47,2,งาน: บริหารทัวไปฝ่ายพัฒนาชุมชน,318,272,335,40
40811,65042.pdf,47,2,"2,236,780",1251,282,113,26
40812,65042.pdf,47,2,บาท,1370,285,53,19
40816,65042.pdf,47,4,1.1 เงินเดือน,339,374,131,29
40817,65042.pdf,47,4,"1,516,200",1100,379,112,26
40818,65042.pdf,47,4,บาท,1218,383,53,19
40839,65042.pdf,47,10,1.2 ค่าจ้างประจำ,339,676,171,28
40840,65042.pdf,47,10,"64,800",1131,679,81,26
40841,65042.pdf,47,10,บาท,1218,684,53,19
40859,65042.pdf,47,15,1.3 ค่าจ้างชั่วคราว_,339,919,209,34
40860,65042.pdf,47,15,"57,600",1131,929,81,26
40861,65042.pdf,47,15,บาท,1218,933,53,19
40875,65042.pdf,47,19,1.4 ค่าตอบแทน ใช้สอยและวัสดุ,339,1122,311,36
40876,65042.pdf,47,19,"36,260",1130,1127,82,26
40877,65042.pdf,47,19,บาท,1218,1131,53,19
40886,65042.pdf,47,22,2. งบดำเนินงาน,318,1325,161,28
40887,65042.pdf,47,22,"474,420",1118,1330,94,26
40888,65042.pdf,47,22,บาท,1218,1333,53,19
40911,65042.pdf,48,3,3. งบลงทุน,317,378,117,29
40912,65042.pdf,48,3,"87,500",1131,378,81,25
40913,65042.pdf,48,3,บาท,1218,380,53,19
41986,65043.pdf,32,1,งานบริหารทั่วไปและบริการทะเบียน,162,232,350,34
41987,65043.pdf,32,1,"7,878,500",1247,243,115,26
41988,65043.pdf,32,1,บาท,1405,245,53,21
41989,65043.pdf,32,2,1. งบบุคลากร,164,289,143,30
41990,65043.pdf,32,2,"7,003,500.00",1047,289,148,26
41991,65043.pdf,32,2,บาท,1260,291,53,21
42033,65043.pdf,32,14,2. งบดำเนินงาน,162,889,166,28
42034,65043.pdf,32,14,"875,000",1099,894,96,26
42035,65043.pdf,32,14,บาท,1260,896,53,21
42060,65043.pdf,33,1,1. งบบุคลากร,164,243,143,30
42061,65043.pdf,33,1,"4,830,400",1080,242,115,27
42062,65043.pdf,33,1,บาท,1260,245,53,21
42108,65043.pdf,33,14,2. งบดำเนินงาน,162,889,166,28
42109,65043.pdf,33,14,"650,800",1099,894,96,26
42110,65043.pdf,33,14,บาท,1260,896,53,21
43506,65043.pdf,50,23,2.1 ค่าตอบแทน ใช้สอยและวัสดุ,162,1362,321,36
43507,65043.pdf,50,23,"69,000",1112,1367,83,26
43508,65043.pdf,50,23,บาท,1260,1370,53,21
43509,65043.pdf,50,24,2.1 ค่าตอบแทน,162,1410,165,27
43510,65043.pdf,50,24,"3,480",1126,1412,69,27
43511,65043.pdf,50,24,บาท,1260,1416,53,21
43513,65043.pdf,50,26,2.2 ค่าใช้สอย,162,1499,142,29
43514,65043.pdf,50,26,"14,700",1114,1503,81,27
43515,65043.pdf,50,26,บาท,1260,1507,53,21
43518,65043.pdf,50,29,2.3 ค่าวัสดุ,162,1635,118,36
43519,65043.pdf,50,29,"50,820",1112,1640,83,26
43520,65043.pdf,50,29,บาท,1260,1643,53,21
43607,65043.pdf,51,23,2.1 ค่าตอบแทน ใช้สอยและวัสดุ,162,1401,321,36
43608,65043.pdf,51,23,"797,200",1099,1406,96,26
43609,65043.pdf,51,23,บาท,1260,1409,53,21
43610,65043.pdf,51,24,2.1 ค่าตอบแทน,162,1449,165,27
43611,65043.pdf,51,24,"3,480",1126,1451,69,27
43612,65043.pdf,51,24,บาท,1260,1455,53,21
43614,65043.pdf,51,26,2.2 ค่าใช้สอย,162,1538,142,29
43615,65043.pdf,51,26,"742,900",1099,1541,96,27
43616,65043.pdf,51,26,บาท,1260,1546,53,21
43620,65043.pdf,51,30,2.3 ค่าวัสดุ,162,1719,118,36
43621,65043.pdf,51,30,"50,820",1112,1724,83,26
43622,65043.pdf,51,30,บาท,1260,1727,53,21
43709,65043.pdf,52,23,2.1 ค่าตอบแทน ใช้สอยและวัสดุ,162,1401,321,36
43710,65043.pdf,52,23,"92,000",1112,1406,83,26
43711,65043.pdf,52,23,บาท,1260,1409,53,21
43712,65043.pdf,52,24,2.1 ค่าตอบแทน,162,1449,165,27
43713,65043.pdf,52,24,"4,640",1126,1451,69,27
43714,65043.pdf,52,24,บาท,1260,1455,53,21
43716,65043.pdf,52,26,2.2 ค่าใช้สอย,162,1538,142,29
43717,65043.pdf,52,26,"19,600",1114,1542,81,26
43718,65043.pdf,52,26,บาท,1260,1546,53,21
43721,65043.pdf,52,29,2.3 ค่าวัสดุ,162,1673,118,36
43722,65043.pdf,52,29,"67,760",1112,1678,83,26
43723,65043.pdf,52,29,บาท,1260,1681,53,21
51404,65047.pdf,29,24,2.1 ค่าตอบแทน ใช้สอยและวัสดุ,136,1615,334,39
51405,65047.pdf,29,24,"4,713,660",1059,1621,120,27
51406,65047.pdf,29,24,บาท,1186,1625,56,20
51424,65047.pdf,30,5,2.2 ค่าสาธารญูปโภค_,136,521,247,44
51425,65047.pdf,30,5,"1,133,600",1060,532,119,27
51426,65047.pdf,30,5,บาท,1186,536,56,20
51563,65047.pdf,33,3,1.1,137,361,41,24
51564,65047.pdf,33,3,889,179,349,123,36
51565,65047.pdf,33,3,1304400,1059,360,120,27
51566,65047.pdf,33,3,บาท,1194,364,56,20
51567,65047.pdf,33,4,01101-1,268,412,97,24
51568,65047.pdf,33,4, อัตราเดิม 18 อัตรา,408,406,195,30
51569,65047.pdf,33,4,"6,834,000",1290,418,115,27
51570,65047.pdf,33,4,บาท,1428,421,54,21
51571,65047.pdf,33,5,01102-1,268,470,97,24
51572,65047.pdf,33,5,เงินเลื่อนขั้น,410,457,125,37
51573,65047.pdf,33,5,"416,400",1310,476,95,27
51574,65047.pdf,33,5,บาท,1428,479,54,21
51575,65047.pdf,33,6,01107-1,268,527,97,24
51576,65047.pdf,33,6,เงินค่าตอบแทนรายเดือนของข้าราชการ,410,521,391,30
51577,65047.pdf,33,6,"42,000",1323,533,82,27
51578,65047.pdf,33,6,บาท,1428,536,54,21
51579,65047.pdf,33,7,01108-1,268,584,97,24
51580,65047.pdf,33,7,เงินเพิ่มการครองชีพชั่วคราวของข้าราชการ,410,573,419,35
51581,65047.pdf,33,7,"12,000",1325,590,80,27
51582,65047.pdf,33,7,บาท,1428,593,54,21
51583,65047.pdf,33,8,1.2 ค่าจ้างประจํา,137,636,210,36
51584,65047.pdf,33,8,310800,1079,646,101,27
51585,65047.pdf,33,8,บาท,1186,651,56,20
51595,65047.pdf,33,11,1.3 ค่าตอบแทน ใช้สอยและวัสดุ,137,808,359,44
51596,65047.pdf,33,11,15400,1094,818,85,27
51597,65047.pdf,33,11,บาท,1186,823,56,20
52344,65047.pdf,42,22,2.1 ค่าตอบแทน,169,1560,172,29
52345,65047.pdf,42,22,"1,952,500",1060,1564,119,27
52346,65047.pdf,42,22,บาท,1186,1568,56,20
52350,65047.pdf,42,26,2.2 ค่าใช้สอย,169,1787,147,31
52351,65047.pdf,42,26,"52,200",1093,1793,86,27
52352,65047.pdf,42,26,บาท,1186,1797,56,20
52355,65047.pdf,42,29,2.3 ค่าวัสดุ,169,1959,122,39
52356,65047.pdf,42,29,"367,540",1079,1965,101,27
52357,65047.pdf,42,29,บาท,1186,1969,56,20
54711,65048.pdf,46,23,2.1 ค่าตอบแทนใช้สอยและวัสดุ,245,1384,298,35
54712,65048.pdf,46,23,"849,410",1139,1389,92,25
54713,65048.pdf,46,23,บาท,1288,1392,51,19
54714,65048.pdf,46,24,2.1 ค่าตอบแทน,245,1435,158,26
54715,65048.pdf,46,24,"159,120",1140,1438,91,25
54716,65048.pdf,46,24,บาท,1288,1441,51,19
54718,65048.pdf,46,26,2.2 ค่าใช้สอย,245,1530,135,28
54719,65048.pdf,46,26,"406,940",1139,1535,92,25
54720,65048.pdf,46,26,บาท,1288,1538,51,19
54725,65048.pdf,46,31,2.3 วัสดุ,245,1774,87,35
54726,65048.pdf,46,31,"283,350",1139,1779,92,25
54727,65048.pdf,46,31,บาท,1288,1782,51,19
54741,65048.pdf,47,4,05198-3,412,410,86,21
54742,65048.pdf,47,4,(1) เครื่องคอมพิวเตอร์สำหรับงานสำนักงาน,531,400,361,32
54748,65048.pdf,47,8,05198-4,412,604,86,22
54749,65048.pdf,47,8,(2) สแกนเนอร์ สำหรับงานเก็บเอกสารระดับศูนย์บริการ แบบที่,531,595,517,38
54750,65048.pdf,47,8,1 1 เครื่อง,1050,595,95,31
54751,65048.pdf,47,8,"17,000",1311,610,72,23
54752,65048.pdf,47,8,บาท,1420,612,47,19
54753,65048.pdf,47,9,05113-1,412,654,84,21
54754,65048.pdf,47,9,"(3) โต๊ะทำงาน ระดับปฏิบัติงาน , ปฏิบัติการ , ชำนาญงาน ,",531,649,492,32
55369,65048.pdf,57,8,07102-1,412,654,84,20
55370,65048.pdf,57,8,(1) ค่าใช้จ่ายในการสนับสนุนการดำเนินงานของคณะกรรมการชุมชน,531,648,562,33
55371,65048.pdf,57,8,"4,140,000",1282,658,101,24
55372,65048.pdf,57,8,บาท,1420,661,47,19
55373,65048.pdf,57,9,07199-10,412,702,97,21
55374,65048.pdf,57,9,(2) ค่าใช้จ่ายในการจัดงานวันสำคัญอนุรักษ์สืบสานวัฒนธรรมประเพณี,531,696,571,33
55375,65048.pdf,57,9,"500,000",1299,708,84,23
55376,65048.pdf,57,9,บาท,1420,710,47,19
55377,65048.pdf,57,10,07199-12,412,751,97,21
55378,65048.pdf,57,10,(3) ค่าใช้จ่ายในการจัดงานอนุรักษ์สืบสานวัฒนธรรม,531,746,427,33
55382,65048.pdf,57,12,07199-3,412,849,86,21
55383,65048.pdf,57,12,(4) ค่าใช้จ่ายศูนย์ประสานงานธนาคารสมองของกรุงเทพมหานคร,531,843,532,34
55384,65048.pdf,57,12,"10,000",1311,854,72,23
55385,65048.pdf,57,12,บาท,1420,856,47,19
55386,65048.pdf,57,13,07199-4,412,897,86,22
55387,65048.pdf,57,13,(5) ค่าใช้จ่ายในการจัดกิจกรรมครอบครัวรักการอ่าน,531,892,428,28
55388,65048.pdf,57,13,"240,000",1299,902,84,24
55389,65048.pdf,57,13,บาท,1420,905,47,19
55390,65048.pdf,57,14,07199-5,412,946,85,21
55391,65048.pdf,57,14,(6) ค่าใช้จ่ายในการส่งเสริมกิจกรรมสโมสรกีฬาและลานกีฬา,531,940,491,28
55392,65048.pdf,57,14,"2,375,600",1282,951,101,23
55393,65048.pdf,57,14,บาท,1420,953,47,19
55394,65048.pdf,57,15,07199-6,412,995,85,21
55395,65048.pdf,57,15,(7) ค่าใช้จ่ายในการจัดกิจกรรมการออกกำลังกาย,531,989,401,28
55396,65048.pdf,57,15,"1,107,000",1283,1000,100,23
55397,65048.pdf,57,15,บาท,1420,1002,47,19
55398,65048.pdf,57,16,07199-7,412,1044,85,21
55399,65048.pdf,57,16,(8) ค่าใช้จ่ายในการดำเนินงานศูนย์บริการ,531,1038,346,34
55403,65048.pdf,57,18,07199-8,412,1141,86,21
55404,65048.pdf,57,18,(9) ค่าใช้จ่ายในการบริหารจัดการพิพิธภัณฑ์ท้องถิ่นกรุงเทพมหานคร,531,1131,556,37
55405,65048.pdf,57,18,"1,099,800",1283,1147,100,23
55406,65048.pdf,57,18,บาท,1420,1149,47,19
55407,65048.pdf,57,19,07199-9,412,1190,85,21
55408,65048.pdf,57,19,(10) ค่าใช้จ่ายในการส่งเสริมกิจการสภาเด็ก,531,1183,361,29
55420,65048.pdf,58,4,07199-11,412,410,95,21
55421,65048.pdf,58,4,ค่าใช้จ่ายในการล่องเรือกินปฺูดูวิถีชาวทะเลบางขุนเทียน,532,404,453,34
55422,65048.pdf,58,4,"700,000",1299,415,84,23
55423,65048.pdf,58,4,บาท,1420,417,47,19
55947,65048.pdf,65,8,05101-25,412,654,96,21
55948,65048.pdf,65,8,(1) เครื่องปรับอากาศ แบบแยกส่วน,531,644,298,32
55953,65048.pdf,65,11,05105-20,412,800,97,21
55954,65048.pdf,65,11,(2) เครื่องคอมพิวเตอร์สำหรับงานสำนักงาน,531,790,361,32
55962,65048.pdf,65,16,05198-21,412,1044,95,21
55963,65048.pdf,65,16,(3) เครื่องพิมพ์เลเซอร์หรือ led ขาวดำชนิด network,531,1034,459,32
55968,65048.pdf,65,19,05203-24,412,1189,97,22
55969,65048.pdf,65,19,(4) เครื่องถ่ายเอกสาร ระบบดิจิตอล (ขาว-ดำ),531,1181,382,32
55973,65048.pdf,65,21,05218-23,412,1288,97,21
55974,65048.pdf,65,21,(5) เครื่องพิมพ์ สำเนาระบบดิจิตอล ความละเอียด,531,1278,404,32
55979,65048.pdf,65,24,05203-27,412,1434,96,21
55980,65048.pdf,65,24,(6) เครื่องถ่ายเอกสารระบบดิจิตอล (ขาว-ดำ),531,1424,375,32
55984,65048.pdf,65,26,05218-28,412,1532,97,21
55985,65048.pdf,65,26,(7) เครื่องพิมพ์ สำเนาระบบดิจิตอล ความละเอียด,531,1522,404,32
60813,65050.pdf,60,3,1.1,99,333,41,24
60814,65050.pdf,60,3,เงินเดือน,141,327,98,30
60815,65050.pdf,60,3,"593,240",1122,332,100,27
60816,65050.pdf,60,3,บาท,1229,336,55,20
60837,65050.pdf,60,9,1.2 ค่าจ้างประจำ_1,99,616,210,36
60838,65050.pdf,60,9,"64,800",1136,626,86,27
60839,65050.pdf,60,9,บาท,1229,631,55,20
60856,65050.pdf,60,14,1.3 ค่าจ้างชั่วคราว_,99,861,225,36
60857,65050.pdf,60,14,"86,400",1136,872,86,27
60858,65050.pdf,60,14,บาท,1229,876,55,20
60871,65050.pdf,60,18,1.4 ค่าตอบแทน ใช้สอยและวัสดุ_,99,1056,359,44
60872,65050.pdf,60,18,"8,220",1150,1067,72,27
60873,65050.pdf,60,18,บาท,1229,1071,55,20
61107,65050.pdf,64,7,3.1 ค่าครุภัณฑ์ ที่ดินและสิ่งก่อสร้าง,98,665,366,44
61108,65050.pdf,64,7,2165900,1102,676,120,27
61109,65050.pdf,64,7,บาท,1229,680,55,20
61110,65050.pdf,64,8,3.1.1 ค่าครุภัณฑ์,131,718,181,39
61111,65050.pdf,64,8,"789,900",1122,724,100,27
61112,65050.pdf,64,8,บาท,1229,728,55,20
61177,65050.pdf,65,1,3.1.2 ค่าที่ดินและสิ่งก่อสร้าง,131,321,296,36
61178,65050.pdf,65,1,"1,976,000",1103,332,119,27
61179,65050.pdf,65,1,บาท,1229,336,55,20
63029,65051.pdf,54,1,งาน: พัฒนาชุมชนและบริการสังคม,126,153,409,42
63030,65051.pdf,54,1,"37,631,280",1226,159,151,30
63031,65051.pdf,54,1,บาท,1421,163,61,22
63032,65051.pdf,54,2,1. งบบุคลากร,128,210,170,35
63033,65051.pdf,54,2,"3,649,680",1066,209,135,30
63034,65051.pdf,54,2,บาท,1269,213,60,22
63081,65051.pdf,54,15,2. งบดำเนินงาน,126,916,198,33
63082,65051.pdf,54,15,"11,036,200",1052,922,149,30
63083,65051.pdf,54,15,บาท,1269,926,60,22
63112,65051.pdf,54,33,3. งบลงทุน,126,1964,141,35
63113,65051.pdf,54,33,"16,279,900",1052,1963,149,30
63114,65051.pdf,54,33,บาท,1269,1967,60,22
63120,65051.pdf,55,1,3.1.1 ค่าครุภัณฑ์,213,153,196,42
63121,65051.pdf,55,1,"300,100",1096,159,106,28
63122,65051.pdf,55,1,บาท,1270,165,59,21
64775,65052.pdf,43,1,งาน: ดูแลสวนและพื้นที่สีเขียว,302,344,337,49
64776,65052.pdf,43,1,"17,992,000",1224,358,143,29
64777,65052.pdf,43,1,บาท,1381,361,60,23
64778,65052.pdf,43,2,1.,304,412,29,24
64779,65052.pdf,43,2,งบบุคลากร,334,414,133,32
64780,65052.pdf,43,2,"12,600,300",1056,411,143,29
64781,65052.pdf,43,2,บาท,1217,414,60,23
64782,65052.pdf,43,3,1.1 ค่าจ้างประจำ1,335,454,213,37
64783,65052.pdf,43,3,"6,993,500",1078,466,122,27
64784,65052.pdf,43,3,บาท,1217,467,56,22
64801,65052.pdf,43,8,1.2 ค่าจ้างชั่วคราว,335,718,201,36
64802,65052.pdf,43,8,"5,256,100",1078,729,122,27
64803,65052.pdf,43,8,บาท,1217,730,56,22
64816,65052.pdf,43,12,1.3 ค่าตอบแทน ใช้สอยและวัสดุ_,335,927,365,45
64817,65052.pdf,43,12,"350,700",1099,939,101,27
64818,65052.pdf,43,12,บาท,1217,940,56,22
64819,65052.pdf,43,13,03217-1,423,992,92,23
64820,65052.pdf,43,13,เงินสมทบกองทุนประกันสังคม,535,986,287,37
64821,65052.pdf,43,13,"262,900",1278,994,92,26
64822,65052.pdf,43,13,บาท,1386,997,52,20
64823,65052.pdf,43,14,03611-1,423,1044,92,23
64824,65052.pdf,43,14,ค่าเครื่องแต่งกาย,534,1033,168,34
64825,65052.pdf,43,14,"27,300",1290,1046,80,26
64826,65052.pdf,43,14,บาท,1386,1049,52,20
64827,65052.pdf,43,15,03128-1,423,1097,92,23
64828,65052.pdf,43,15,เงินตอบแทนพิเศษของลูกจ้างประจำ,535,1091,341,37
64829,65052.pdf,43,15,"60,500",1290,1099,80,26
64834,65052.pdf,43,17,2.1 ค่าตอบแทน ใช้สอยและวัสดุ,333,1249,339,39
64835,65052.pdf,43,17,"4,314,600",1078,1253,122,28
64836,65052.pdf,43,17,บาท,1217,1256,56,22
64852,65052.pdf,43,27,2.2 ค่าสาธารณญปโภค_,333,1768,253,45
64853,65052.pdf,43,27,"28,600",1113,1780,87,27
64854,65052.pdf,43,27,บาท,1217,1782,56,22
64857,65052.pdf,44,1,3.,302,354,31,24
64858,65052.pdf,44,1,งบลงทุน,334,356,103,32
64859,65052.pdf,44,1,"1,048,500",1071,353,128,29
64860,65052.pdf,44,1,บาท,1217,356,60,23
66408,65053.pdf,28,15,02101-1,189,966,93,22
66409,65053.pdf,28,15,ค่าจ้างชั่วคราว 5 อัตรา,369,954,222,34
66410,65053.pdf,28,15,1177600,1328,966,93,26
66411,65053.pdf,28,15,บาท,1428,969,51,20
66412,65053.pdf,28,16,02102-1,189,1017,93,22
66413,65053.pdf,28,16,เงินเพิ่มการครองชีพชั่วคราวของลูกจ้างชั่วคราว,370,1005,439,42
66414,65053.pdf,28,16,"71,000",1341,1017,80,26
66415,65053.pdf,28,16,บาท,1428,1020,51,20
66416,65053.pdf,28,17,02103-1,189,1069,93,23
66417,65053.pdf,28,17,เงินช่วยเหลือค่าครองชีพของลูกจ้างชัวคราว,370,1056,406,42
66418,65053.pdf,28,17,"134,400",1330,1069,91,26
66419,65053.pdf,28,17,บาท,1428,1072,51,20
66635,65053.pdf,32,14,03217-1,189,915,93,23
66636,65053.pdf,32,14,เงินสมทบกองทุนประกันสังคม,370,907,287,37
66637,65053.pdf,32,14,1200,1354,915,67,26
66638,65053.pdf,32,14,บาท,1428,918,51,20
66639,65053.pdf,32,15,03611-1,189,966,93,23
66640,65053.pdf,32,15,ค่าเครื่องแต่งกาย,369,954,167,34
66641,65053.pdf,32,15,"1,300",1356,966,65,26
66642,65053.pdf,32,15,บาท,1428,969,51,20
66730,65053.pdf,34,16,2.1 ค่าตอบแทน ใช้สอยและวัสดุ,148,1060,320,38
66731,65053.pdf,34,16,"667,300 บาท",1108,1069,147,25
66746,65053.pdf,34,28,2.2 ค่าสาธารณูปโภค,148,1671,238,43
66747,65053.pdf,34,28,137 700 บาท,1110,1684,145,25
66846,65053.pdf,37,1,งาน : บริหารทั่วไปฝ่ายรักษาความสะอาด,121,235,405,34
66847,65053.pdf,37,1,"17,027,870 บาท",1302,248,179,25
66848,65053.pdf,37,2,1. งบบุคลากร,123,298,145,31
66849,65053.pdf,37,2,"13,773,280 บาท",1077,299,178,25
66918,65053.pdf,37,22,2. งบดำเนินงาน,121,1369,168,29
66919,65053.pdf,37,22,"3,051,860 บาท",1089,1376,166,25
66936,65053.pdf,38,6,3. งบลงทุน,121,554,122,31
66937,65053.pdf,38,6,202 730 บาท,1108,555,147,25
66942,65053.pdf,38,9,05105-1,148,709,93,23
66943,65053.pdf,38,9,(1) เครื่องคอมพิวเตอร์ สําหรับงานสํานักงาน,252,697,416,35
66949,65053.pdf,38,13,05199-2,148,915,95,23
66950,65053.pdf,38,13,(2) เครื่องพิมพ์เลเซอร์หรือ,252,902,251,35
66951,65053.pdf,38,13, led ขาวดำชนิด network,504,908,266,28
66956,65053.pdf,38,15,05108-4,148,1017,95,23
66957,65053.pdf,38,15,(3) ตู้เหล็ก แบบ 2 บาน 2 ตู้,252,1009,272,38
66958,65053.pdf,38,15,"11,800",1343,1017,78,26
66959,65053.pdf,38,15,บาท,1428,1020,51,20
66960,65053.pdf,38,16,05119-8,148,1069,95,23
66961,65053.pdf,38,16,(4) เครื่องโทรสาร แบบใช้กระดาษธรรมดา,252,1056,397,35
66966,65053.pdf,38,18,05203-7,148,1171,95,23
66967,65053.pdf,38,18,(5) เครื่องถ่ายเอกสาร ระบบ ดิจิตอล (ขาว-ดำ),252,1159,430,35
67033,65053.pdf,39,19,03217-1,189,1170,93,23
67034,65053.pdf,39,19,เงินสมทบกองทุนประกันสังคม,370,1164,287,37
67035,65053.pdf,39,19,2766480,1328,1171,93,26
67036,65053.pdf,39,19,บาท,1428,1174,51,20
67037,65053.pdf,39,20,03611-1,189,1221,93,23
67038,65053.pdf,39,20,ค่าเครื่องแต่งกาย,369,1210,167,34
67039,65053.pdf,39,20,"20,540",1341,1222,80,26
67040,65053.pdf,39,20,บาท,1428,1225,51,20
67041,65053.pdf,39,21,03128-1,189,1273,93,23
67042,65053.pdf,39,21,เงินตอบแทนพิเศษของลูกจ้างประจำ,370,1267,341,37
67043,65053.pdf,39,21,"119,280",1330,1274,91,26
67044,65053.pdf,39,21,บาท,1428,1277,51,20
67073,65053.pdf,41,1,งาน : เก็บขยะมูลฝ่อยและขนถ่ายสิงปฏิกูล,121,235,413,42
67074,65053.pdf,41,1,"50,941,740 บาท",1300,247,181,26
67075,65053.pdf,41,2,1. งบบุคลากร,123,298,145,31
67076,65053.pdf,41,2,"34,443,470 บาท",1075,298,180,26
67145,65053.pdf,41,22,2. งบดำเนินงาน,121,1369,168,29
67146,65053.pdf,41,22,"16,473,660 บาท",1077,1375,178,26
67165,65053.pdf,42,5,3. งบลงทุน,121,503,122,31
67166,65053.pdf,42,5,"24,610 บาท",1121,503,134,26
67179,65053.pdf,43,2,1. งบบุคลากร,123,298,145,31
67180,65053.pdf,43,2,"13,686,400 บาท",1077,298,178,26
67245,65053.pdf,43,21,2. งบดำเนินงาน,121,1318,168,29
67246,65053.pdf,43,21,"5,426,900 บาท",1089,1324,166,26
67262,65053.pdf,44,1,3. งบลงทุน,121,246,122,31
67263,65053.pdf,44,1,"114,000 บาท",1110,247,145,26
67273,65053.pdf,44,5,4. งบรายจ่ายอื่น,120,492,173,34
67274,65053.pdf,44,5,"494,500 บาท",1107,503,148,26
67430,65053.pdf,47,3,1.1 เงินเดือน,150,343,134,29
67431,65053.pdf,47,3,"1,288,880 บาท",1091,350,164,25
67452,65053.pdf,47,9,1.2 ค่าจ้างประจำ_,150,645,202,35
67453,65053.pdf,47,9,"721,140 บาท",1108,657,147,27
67462,65053.pdf,47,12,1.3 ค่าจ้างชั่วคราว_,150,799,215,35
67463,65053.pdf,47,12,"57,620",1173,812,82,25
67470,65053.pdf,47,14,02102-1,189,913,93,22
67471,65053.pdf,47,14,เงินเพิ่มการครองชีพชั่วคราวของลูกจ้างชั่วคราว,370,902,439,42
67472,65053.pdf,47,14,"6,300",1354,915,67,26
67473,65053.pdf,47,14,บาท,1428,918,51,20
67474,65053.pdf,47,15,02103-1,189,965,93,23
67475,65053.pdf,47,15,เงินช่วยเหลือค่าครองชีพของลูกจ้างชัวคราว,370,954,406,42
67476,65053.pdf,47,15,"9,600",1354,966,67,26
67477,65053.pdf,47,15,บาท,1428,969,51,20
67478,65053.pdf,47,16,1.4 ค่าตอบแทน ใช้สอยและวัสดุ_,150,1004,343,43
67479,65053.pdf,47,16,"10,780 บาท",1123,1017,132,25
67958,65053.pdf,57,4,01101-1,189,400,93,22
67959,65053.pdf,57,4,อัตราเดิม 7 อัตรา,369,394,173,29
67960,65053.pdf,57,4,2119020,1309,402,112,26
67961,65053.pdf,57,4,บาท,1428,405,51,20
67962,65053.pdf,57,5,01102-1,189,452,93,22
67963,65053.pdf,57,5,เงินเลื่อนขั้น,370,439,120,36
67964,65053.pdf,57,5,"166,860",1330,453,91,26
67965,65053.pdf,57,5,บาท,1428,456,51,20
67966,65053.pdf,57,6,01107-1,189,503,93,22
67967,65053.pdf,57,6,เงินค่าตอบแทนรายเดือนของข้าราชการ,370,497,370,29
67968,65053.pdf,57,6,"25,200",1341,504,80,26
67969,65053.pdf,57,6,บาท,1428,507,51,20
68543,65053.pdf,67,10,05218-9,148,759,95,23
68544,65053.pdf,67,10,10 เครื่องพิมพ์สําเนาระบบดิจิตอล ความละเอียด 300 400 จุดต่อตารางนิ้ว,252,746,718,44
68549,65053.pdf,67,13,05108-12 (2) ตู้ เหล็กแบบ 2 บาน 2 ตู้,148,906,369,38
68553,65053.pdf,67,15,05199-13 (3) เวที สำเร็จรูปพร้อมบันได ขนาดไม่น้อยกว่า 4.8 x 14 ม.,148,1009,658,38
68559,65053.pdf,67,18,05199-14 (4) โทรทัศน์ แอล อี ดี (led t) แบบ smart w,148,1163,571,31
68571,65053.pdf,67,24,05101-33 (6) เครื่องปรับอากาศ แบบแยกส่วน (ราคารวมค่าติดตั้ง),148,1465,626,37
68576,65053.pdf,67,27,05101-34 (7) เครื่องปรับอากาศ แบบแยกส่วน (ราคารวมค่าติดตั้ง),148,1619,626,37
68582,65053.pdf,67,30,05101-35 (8) เครื่องปรับอากาศ แบบแยกส่วน (ราคารวมค่าติดตั้ง),148,1773,626,37
68603,65053.pdf,68,5,07199-1,148,503,93,23
68604,65053.pdf,68,5,(1) ค่าใช้จ่ายในการประชุมครู,252,497,281,37
68605,65053.pdf,68,5,12400,1343,504,78,26
68606,65053.pdf,68,5,บาท,1428,507,51,20
68607,65053.pdf,68,6,07199-2,148,554,95,23
68608,65053.pdf,68,6,(2) ค่าใช้จ่ายโครงการเกษตรปลอดสารพิษ,252,548,395,30
68609,65053.pdf,68,6,"15,000",1343,555,78,26
68610,65053.pdf,68,6,บาท,1428,558,51,20
68611,65053.pdf,68,7,07199-3,148,605,95,23
68612,65053.pdf,68,7,(3) ค่าใช้จ่ายในการฝึกอบรมนายหมู่ลูกเสือสามัญฺสามัญรุ่นใหญ่ และ,252,599,636,37
68616,65053.pdf,68,9,07199-4,148,708,95,23
68617,65053.pdf,68,9,(4) ค่าใช้จ่ายโตามครงการเรียนฟรี เรียนดือย่างมีคุณภาพ,252,702,528,37
68621,65053.pdf,68,11,07124-1,148,811,93,22
68622,65053.pdf,68,11,(5) ค่าใช้จ่ายในการจัดประชุมสัมมนาคณะกรรมการสถานศึกษาขั้นพื้นฐาน,252,798,686,44
68626,65053.pdf,68,13,07109-1,148,913,93,23
68627,65053.pdf,68,13,(6) ค่าใช้จ่ายในการพัฒนาคุณภาพการดำเนินงานศูนย์วิชาการเขต,252,906,607,38
68628,65053.pdf,68,13,"28,600",1341,915,80,26
68629,65053.pdf,68,13,บาท,1428,918,51,20
68630,65053.pdf,68,14,07125-1,148,965,93,22
68631,65053.pdf,68,14,(7) ค่าใช้จ่ายในการสัมมนาประธานกรรมการเครือข่ายผู้ปกครอง,252,959,594,37
68635,65053.pdf,68,16,07126-1,148,1067,93,23
68636,65053.pdf,68,16,(8) ค่าใช้จ่ายในการส่งเสริมสนับสนุนให้นักเรียนสร้างสรรค์ผลงานเพือการเรียนรู้,252,1056,736,42
68637,65053.pdf,68,16,"108,800",1330,1069,91,26
68638,65053.pdf,68,16,บาท,1428,1072,51,20
74184,65056.pdf,31,27,05105-1,354,1583,89,22
74185,65056.pdf,31,27,(1) เครื่องคอมพิวเตอร์ สำหรับงานสำนักงาน,480,1574,392,33
74192,65056.pdf,31,32,05199-2,354,1807,91,22
74193,65056.pdf,31,32,(2) เครื่องพิมพ์เลเซอร์ หรือ led ขาวดำ,480,1797,356,33
74199,65056.pdf,32,1,05203-4,354,297,91,22
74200,65056.pdf,32,1,(3) เครื่องถ่ายเอกสารระบบดิจิตอล (ขาว-ดำ),480,287,399,33
75336,65056.pdf,47,7,07102-1,354,614,89,21
75337,65056.pdf,47,7,(1) ค่าใช้จ่ายในการสนับสนุนการดำเนินงาน,480,609,385,35
75341,65056.pdf,47,9,07199-1,354,704,89,21
75342,65056.pdf,47,9,(2) ค่าใช้จ่ายศูนย์ประสานงานธนาคารสมอง,480,697,387,36
75346,65056.pdf,47,11,07199-2,354,793,91,21
75347,65056.pdf,47,11,(3) ค่าใช้จ่ายในการจัดงานวันสำคัญ,480,787,315,33
75351,65056.pdf,47,13,07199-9,354,882,89,21
75352,65056.pdf,47,13,(4) ค่าใช้จ่ายในการบริหารจัดการพิพิธภัณฑ์,481,876,385,30
75356,65056.pdf,47,15,07199-11,354,972,101,21
75357,65056.pdf,47,15,(5) ค่าใช้จ่ายในการจัดงานแหเรือชักพระ,480,966,356,29
75358,65056.pdf,47,15,"125,000",1293,975,87,25
75359,65056.pdf,47,15,บาท,1421,977,49,20
75862,65056.pdf,53,1,งาน: งบประมาณโรงเรียน,242,1447,272,31
75863,65056.pdf,53,1,"33,176,340",1241,1453,137,28
75864,65056.pdf,53,1,บาท,1416,1456,57,22
75868,65056.pdf,53,3,1.1,243,1551,41,23
75869,65056.pdf,53,3,เงินเดือน,285,1544,95,30
75870,65056.pdf,53,3,"2,750,020",1102,1549,118,26
75871,65056.pdf,53,3,บาท,1281,1553,54,20
75892,65056.pdf,53,9,1.2 ค่าจ้างประจำ_,243,1803,204,35
75893,65056.pdf,53,9,"2,504,250",1102,1813,118,27
75894,65056.pdf,53,9,บาท,1281,1817,54,20
75912,65056.pdf,54,1,1.3 ค่าจ้างชั่วคราว_,243,286,219,35
75913,65056.pdf,54,1,"1,814,400",1104,295,116,27
75914,65056.pdf,54,1,บาท,1281,300,54,20
75927,65056.pdf,54,5,1.4 ค่าตอบแทน ใช้สอยและวัสดุ_,243,461,349,43
75928,65056.pdf,54,5,"151,200",1124,472,96,26
75929,65056.pdf,54,5,บาท,1281,475,54,20
75934,65056.pdf,54,7,2. งบดำเนินงาน,242,603,179,30
75935,65056.pdf,54,7,"10,858,570",1084,609,135,27
75936,65056.pdf,54,7,บาท,1280,611,56,22
75973,65056.pdf,54,25,3. งบลงทุน,242,1587,129,32
75975,65056.pdf,54,25,"3,160,300",1097,1586,122,28
75977,65056.pdf,54,25,บาท,1280,1589,56,22
76077,65056.pdf,56,15,4. งบเงินอุดหนุน,242,1095,185,38
76078,65056.pdf,56,15,"10,114,000",1084,1100,135,28
76079,65056.pdf,56,15,บาท,1280,1103,56,22
76080,65056.pdf,56,16,06104-1,354,1146,89,21
76081,65056.pdf,56,16,ทุนอาหารกลางวันนักเรียน,481,1140,238,35
76082,65056.pdf,56,16,"2,557,000",1275,1149,105,25
76083,65056.pdf,56,16,บาท,1421,1151,49,20
76084,65056.pdf,56,17,06199-1,354,1191,89,21
76085,65056.pdf,56,17,ค่าอาหารเช้าของนักเรียนในโรงเรียนสังกัดกรุงเทพมหานคร,481,1185,514,35
76091,65056.pdf,56,20,07103-1,354,1374,89,22
76092,65056.pdf,56,20,(1) ค่าใช้จ่ายในการประชุมครู,480,1369,263,35
76093,65056.pdf,56,20,"4,400",1316,1377,64,25
76094,65056.pdf,56,20,บาท,1421,1379,49,20
76095,65056.pdf,56,21,07103-2,354,1419,91,22
76096,65056.pdf,56,21,(2) ค่าใช้จ่ายในการฝึกอบรมนายหมู่ลูกเสือสามัญ,481,1413,428,35
76100,65056.pdf,56,23,07109-1,354,1508,89,21
76101,65056.pdf,56,23,(3) ค่าใช้จ่ายในการพัฒนาคุณภาพการดำเนินงาน,480,1502,431,35
76105,65056.pdf,56,25,07199-1,354,1610,89,21
76106,65056.pdf,56,25,(4) ค่าใช้จ่ายตามโครงการเรียนฟรี เรียนดี อย่างมี,481,1604,432,29
76110,65056.pdf,56,27,07124-1,354,1717,89,21
76111,65056.pdf,56,27,(5) ค่าใช้จ่ายในการจัดประชุมสัมมนาคณะกรรมการ,481,1711,451,35
76115,65056.pdf,56,29,07125-1,354,1824,89,22
76116,65056.pdf,56,29,(6) ค่าใช้จ่ายในการสัมมนาประธานกรรมการเครือข่าย,480,1818,472,29
76120,65056.pdf,56,31,07126-1,354,1929,89,21
76121,65056.pdf,56,31,(7) ค่าใช้จ่ายในการส่งเสริมสนับสนุนให้นักเรียน,480,1923,418,35
77011,65057.pdf,38,17,03282-1,380,1249,97,24
77012,65057.pdf,38,17,ค่าเช่าที่ดินเพื่อใช้เป็นที่จอดรถเก็บขนมูลฝ่อย,510,1238,440,43
77058,65057.pdf,39,16,03282-1,380,1197,97,24
77059,65057.pdf,39,16,ค่าเช่าที่ดินเพื่อใช้เป็นที่จอดรถเก็บขนมูลฝ่อย,510,1186,440,43
78726,65058.pdf,26,25,2.1.1 ค่าตอบแทน,263,1612,190,28
78727,65058.pdf,26,25,"153,760",1128,1615,96,27
78728,65058.pdf,26,25,บาท,1232,1619,54,20
78730,65058.pdf,26,27,2.1.2 ค่าใช้สอย,263,1719,165,30
78731,65058.pdf,26,27,"3,928,400",1107,1724,117,27
78732,65058.pdf,26,27,บาท,1232,1728,54,20
78751,65058.pdf,27,14,03282-1,339,1233,93,24
78752,65058.pdf,27,14,ค่าเช่าที่ดินเพื่อเป็นที่ทำการสำนักงานเขตคลองเตย,468,1222,481,35
78753,65058.pdf,27,14,"576,000",1294,1235,94,27
78754,65058.pdf,27,14,บาท,1395,1238,52,21
78771,65058.pdf,27,21,2.1.3 ค่าวัสดุ,263,1719,141,38
78772,65058.pdf,27,21,"974,500",1127,1724,97,27
78773,65058.pdf,27,21,บาท,1232,1728,54,20
81803,65059.pdf,37,15,2.1 ค่าตอบแทน ใช้สอยและวัสดุ,132,926,334,39
81804,65059.pdf,37,15,1434900,1128,932,120,27
81805,65059.pdf,37,15,บาท,1316,936,56,20
81806,65059.pdf,37,16,2.1.1,132,981,62,24
81807,65059.pdf,37,16,ค่าตอบแทน,195,976,129,29
81808,65059.pdf,37,16,"1,322,000",1129,980,119,27
81809,65059.pdf,37,16,บาท,1316,984,56,20
81812,65059.pdf,37,19,2.1.2 ค่าใช้สอย,132,1121,167,31
81813,65059.pdf,37,19,"2,103,200",1128,1126,120,27
81814,65059.pdf,37,19,บาท,1316,1131,56,20
81818,65059.pdf,37,23,2.1.3 ค่าวัสดุ,132,1316,143,39
81819,65059.pdf,37,23,"4,009,700",1128,1322,120,27
81820,65059.pdf,37,23,บาท,1316,1326,56,20
81823,65059.pdf,37,26,2.2 ค่าสาธารณูปโภค|,132,1458,247,44
81824,65059.pdf,37,26,241800,1148,1468,101,27
81825,65059.pdf,37,26,บาท,1316,1473,56,20
86173,65061.pdf,28,3,1.1 เงินเดือน,164,334,132,32
86174,65061.pdf,28,3,"6,915,200",1072,339,114,29
86175,65061.pdf,28,3,บาท,1252,342,53,24
86188,65061.pdf,28,7,1.2 ค่าจ้างประจำ[,156,515,199,37
86189,65061.pdf,28,7,"570,400",1091,524,95,30
86190,65061.pdf,28,7,บาท,1252,528,53,24
86191,65061.pdf,28,8,01201-1,272,570,92,25
86192,65061.pdf,28,8, อัตราเดิม 2 อัตรา,405,564,172,32
86193,65061.pdf,28,8,"539,000",1263,572,92,29
86194,65061.pdf,28,8,บาท,1398,575,51,23
86195,65061.pdf,28,9,01202-1,272,617,92,25
86196,65061.pdf,28,9,เงินเพิ่มค่าจ้างประจำ,406,606,200,37
86197,65061.pdf,28,9,"31,400",1276,619,79,29
86198,65061.pdf,28,9,บาท,1398,622,51,23
86202,65061.pdf,28,11,03611-1,272,709,92,26
86203,65061.pdf,28,11,"2,600",1288,711,67,29
86204,65061.pdf,28,11,บาท,1398,714,51,23
86284,65061.pdf,29,16,2.1 ค่าตอบแทน ใช้สอยและวัสดุ,154,1033,320,39
86285,65061.pdf,29,16,"1,067,400",1074,1037,112,30
86286,65061.pdf,29,16,บาท,1252,1041,53,24
86287,65061.pdf,29,17,2.1.1 ค่าตอบแทน,154,1081,184,30
86288,65061.pdf,29,17,"310,900",1091,1084,95,29
86289,65061.pdf,29,17,บาท,1252,1087,53,24
86291,65061.pdf,29,19,2.1.2 ค่าใช้สอย,154,1170,161,32
86292,65061.pdf,29,19,"223,800",1091,1175,95,29
86293,65061.pdf,29,19,บาท,1252,1178,53,24
86298,65061.pdf,30,1,งานบริหารทั่วไปและจัดเก็บรายได้,154,331,332,37
86299,65061.pdf,30,1,"9,881,900",1239,342,115,29
86300,65061.pdf,30,1,บาท,1396,344,54,24
86301,65061.pdf,30,2,1. งบบุคลากร,156,389,143,33
86302,65061.pdf,30,2,"4,659,300",1072,388,114,30
86303,65061.pdf,30,2,บาท,1252,391,53,24
86360,65061.pdf,30,18,2. งบดำเนินงาน,154,1174,165,31
86361,65061.pdf,30,18,"4,353,600",1072,1178,114,30
86362,65061.pdf,30,18,บาท,1252,1181,53,24
86363,65061.pdf,30,19,2.1 ค่าตอบแทน ใช้สอยและวัสดุ,154,1219,320,39
86364,65061.pdf,30,19,"1,047,900",1074,1223,112,30
86365,65061.pdf,30,19,บาท,1252,1227,53,24
86366,65061.pdf,30,20,2.1.1 ค่าตอบแทน,154,1267,184,30
86367,65061.pdf,30,20,"102,000",1093,1270,93,29
86368,65061.pdf,30,20,บาท,1252,1273,53,24
86370,65061.pdf,30,22,2.1.2 ค่าใช้สอย,154,1356,161,32
86371,65061.pdf,30,22,"204,900",1091,1359,95,30
86372,65061.pdf,30,22,บาท,1252,1364,53,24
86381,65061.pdf,31,2,05199-4,272,381,94,26
86382,65061.pdf,31,2,(1) เครื่องพิมพ์เลเซอร์ หรือ led ขาวดำชนิด network,404,370,524,38
86388,65061.pdf,31,4,05208-1,272,490,92,26
86389,65061.pdf,31,4,(2) รถบรรทุก (เดีเซล) ขนาด 1 ตัน ปริมาตรกระบอกสูบ,404,484,515,40
86478,65061.pdf,32,23,2.1 ค่าตอบแทน ใช้สอยและวัสดุ,154,1407,320,39
86479,65061.pdf,32,23,"2,676,430",1072,1410,114,30
86480,65061.pdf,32,23,บาท,1252,1415,53,24
86481,65061.pdf,32,24,2.1 ค่าตอบแทน,154,1455,165,30
86482,65061.pdf,32,24,"1,325,190",1074,1457,112,29
86483,65061.pdf,32,24,บาท,1252,1461,53,24
86485,65061.pdf,32,26,2.2 ค่าใช้สอย,154,1543,142,32
86486,65061.pdf,32,26,"90,680",1104,1548,82,29
86487,65061.pdf,32,26,บาท,1252,1551,53,24
86490,65061.pdf,32,29,2.3 ค่าวัสดุ,154,1682,118,39
86491,65061.pdf,32,29,"1,260,560",1074,1687,112,29
86492,65061.pdf,32,29,บาท,1252,1690,53,24
86699,65061.pdf,35,23,2.1 ค่าตอบแทน ใช้สอยและวัสดุ,154,1313,320,39
86700,65061.pdf,35,23,"21,724,135",1058,1317,128,30
86701,65061.pdf,35,23,บาท,1252,1321,53,24
86702,65061.pdf,35,24,2.1 ค่าตอบแทน,154,1361,165,30
86703,65061.pdf,35,24,"10,848,345",1060,1363,126,30
86704,65061.pdf,35,24,บาท,1252,1367,53,24
86709,65061.pdf,35,29,2.2 ค่าใช้สอย,154,1592,142,32
86710,65061.pdf,35,29,"231,520",1091,1596,95,29
86711,65061.pdf,35,29,บาท,1252,1600,53,24
86713,65061.pdf,35,31,2.3 ค่าวัสดุ,154,1684,118,39
86714,65061.pdf,35,31,"10,644,270",1060,1688,126,30
86715,65061.pdf,35,31,บาท,1252,1692,53,24
86796,65061.pdf,36,22,2.1 ค่าตอบแทน ใช้สอยและวัสดุ,154,1266,320,39
86797,65061.pdf,36,22,"5,000,000",1072,1271,114,29
86798,65061.pdf,36,22,บาท,1252,1274,53,24
86799,65061.pdf,36,23,2.1 ค่าตอบแทน,154,1314,165,30
86800,65061.pdf,36,23,"1,034,700",1074,1316,112,30
86801,65061.pdf,36,23,บาท,1252,1320,53,24
86803,65061.pdf,36,25,2.2 ค่าใช้สอย,154,1404,142,32
86804,65061.pdf,36,25,"385,200",1091,1409,95,29
86805,65061.pdf,36,25,บาท,1252,1412,53,24
86808,65061.pdf,36,28,2.3 ค่าวัสดุ,154,1543,118,39
86809,65061.pdf,36,28,"3,580,100",1072,1548,114,29
86810,65061.pdf,36,28,บาท,1252,1551,53,24
86980,65061.pdf,38,20,2.1 ค่าตอบแทน ใช้สอยและวัสดุ,154,1172,320,39
86981,65061.pdf,38,20,"3,126,780",1072,1177,114,29
86982,65061.pdf,38,20,บาท,1252,1180,53,24
86983,65061.pdf,38,21,2.1 ค่าตอบแทน,154,1220,165,30
86984,65061.pdf,38,21,"2,073,420",1072,1222,114,30
86985,65061.pdf,38,21,บาท,1252,1226,53,24
86987,65061.pdf,38,23,2.2 ค่าใช้สอย,154,1310,142,32
86988,65061.pdf,38,23,"97,760",1104,1315,82,29
86989,65061.pdf,38,23,บาท,1252,1318,53,24
86991,65061.pdf,38,25,2.3 ค่าวัสดุ,154,1403,118,39
86992,65061.pdf,38,25,"955,600",1091,1407,95,29
86993,65061.pdf,38,25,บาท,1252,1411,53,24
87071,65061.pdf,39,21,2.1 ค่าตอบแทน ใช้สอยและวัสดุ,154,1266,320,39
87072,65061.pdf,39,21,"2,630,270",1072,1271,114,29
87073,65061.pdf,39,21,บาท,1252,1274,53,24
87074,65061.pdf,39,22,2.1 ค่าตอบแทน,154,1314,165,30
87075,65061.pdf,39,22,"398,550",1091,1317,95,29
87076,65061.pdf,39,22,บาท,1252,1320,53,24
87078,65061.pdf,39,24,2.2 ค่าใช้สอย,154,1404,142,32
87079,65061.pdf,39,24,"2,010,500",1072,1409,114,29
87080,65061.pdf,39,24,บาท,1252,1412,53,24
87083,65061.pdf,39,27,2.3 ค่าวัสดุ,154,1540,118,39
87084,65061.pdf,39,27,"221,220",1091,1545,95,29
87085,65061.pdf,39,27,บาท,1252,1548,53,24
87715,65061.pdf,47,23,2.1 ค่าตอบแทน ใช้สอยและวัสดุ,154,1360,320,39
87716,65061.pdf,47,23,"355,400",1091,1364,95,30
87717,65061.pdf,47,23,บาท,1252,1368,53,24
87718,65061.pdf,47,24,2.1.1 ค่าใช้สอย,154,1406,161,32
87719,65061.pdf,47,24,"71,000",1104,1410,82,29
87720,65061.pdf,47,24,บาท,1252,1414,53,24
87995,65061.pdf,50,22,2.1 ค่าตอบแทน ใช้สอยและวัสดุ,154,1313,320,39
87996,65061.pdf,50,22,"7,131,832",1072,1318,115,29
87997,65061.pdf,50,22,บาท,1252,1321,53,24
95213,65065.pdf,29,18,05198-2,329,1396,96,23
95214,65065.pdf,29,18,(1) เครื่องพิมพ์ multifunction แบบฉีดหมึก,456,1385,419,35
95218,65065.pdf,29,20,05203-3,329,1518,96,23
95219,65065.pdf,29,20,(2) เครื่องถ่ายเอกสาร ระบบดิจิตอล (ขาว-ดำ),456,1507,433,35
95224,65065.pdf,29,22,05105-1,329,1640,94,22
95225,65065.pdf,29,22,(3) เครื่องคอมพิวเตอร์ สำหรับงานสำนักงาน (จอแสดงภาพ,455,1629,556,35
95233,65065.pdf,30,1,05105-12,329,363,109,22
95234,65065.pdf,30,1,(4) เครื่องคอมพิวเตอร์ สำหรับงานประมวลผล แบบที่ 2,456,352,523,35
95241,65065.pdf,30,5,05134-6,329,605,96,24
95242,65065.pdf,30,5,(5) กล้องถ่ายรูปอัตโนมัติระบบดิจิตอล ความละเอียด,456,599,494,38
95246,65065.pdf,30,7,05143-4,329,727,96,23
95247,65065.pdf,30,7,"(6) โต๊ะทำงานระดับปฏิบัติงาน,ปฏิบัติการ,ชำนาญงาน,",456,720,513,37
95251,65065.pdf,30,9,05152-9,329,849,96,23
95252,65065.pdf,30,9,(7) เครืองโทรศัพท์,456,838,182,35
95253,65065.pdf,30,9,13 เครื่อง,637,838,98,34
95254,65065.pdf,30,9,"16,900",1291,857,79,27
95255,65065.pdf,30,9,บาท,1378,860,51,21
95256,65065.pdf,30,10,05198-13,329,910,109,23
95257,65065.pdf,30,10,(8) เครื่องพิมพ์ multifunction เลเซอร์ หรือ,456,899,419,35
95258,65065.pdf,30,10, led ขาวดำ2 เครื่อง,876,899,204,34
95259,65065.pdf,30,10,"20,000",1290,918,80,26
95260,65065.pdf,30,10,บาท,1378,920,51,21
95261,65065.pdf,30,11,05198-7,329,971,96,23
95262,65065.pdf,30,11,(9) ตู้ลำโพงล้อลาก ขนาดหน้าจอไม่น้อยกว่า 14 เนิ้ว 2 เครื่อง,456,958,569,44
95263,65065.pdf,30,11,"15,600",1291,978,79,27
95264,65065.pdf,30,11,บาท,1378,981,51,21
95265,65065.pdf,30,12,05198-8,329,1031,96,23
95266,65065.pdf,30,12,(10) ขาตั้งไมโครโฟน 2 ตัว,456,1018,256,37
95267,65065.pdf,30,12,"4,600",1303,1039,67,27
95268,65065.pdf,30,12,บาท,1378,1042,51,21
96359,65065.pdf,50,4,05105-10,329,484,109,22
96360,65065.pdf,50,4,(1) เครื่องคอมพิวเตอร์ สำหรับงานสำนักงาน,456,473,420,35
96367,65065.pdf,50,8,05105-9,329,727,96,23
96368,65065.pdf,50,8,(2) เครื่องคอมพิวเตอร์ สำหรับงานประมวลผล แบบที่ 2,456,716,523,35
100142,65067.pdf,28,17,2.1.1 ค่าตอบแทน,194,1127,185,27
100143,65067.pdf,28,17,"544,100",1080,1128,95,26
100144,65067.pdf,28,17,บาท,1241,1133,54,21
100146,65067.pdf,28,19,2.1.2 ค่าใช้สอย,194,1217,161,30
100147,65067.pdf,28,19,"388,500",1080,1222,95,25
100148,65067.pdf,28,19,บาท,1241,1226,54,21
100209,65067.pdf,29,16,2.1 ค่าตอบแทน ใช้สอยและวัสดุ,154,1077,320,38
100210,65067.pdf,29,16,"750,000",1080,1083,95,25
100211,65067.pdf,29,16,บาท,1241,1086,54,21
100212,65067.pdf,29,17,2.1.1 ค่าตอบแทน,194,1127,185,27
100213,65067.pdf,29,17,"267,400",1080,1128,95,26
100214,65067.pdf,29,17,บาท,1241,1133,54,21
100216,65067.pdf,29,19,2.1.2 ค่าใช้สอย,194,1217,161,30
100217,65067.pdf,29,19,"173,700",1082,1222,93,25
100218,65067.pdf,29,19,บาท,1241,1226,54,21
100287,65067.pdf,31,14,2.1 ค่าตอบแทน ใช้สอยและวัสดุ,154,1079,320,38
100288,65067.pdf,31,14,"427,900",1079,1084,96,26
100289,65067.pdf,31,14,บาท,1241,1088,54,21
100290,65067.pdf,31,15,2.1.1 ค่าตอบแทน,194,1128,185,27
100291,65067.pdf,31,15,"72,000",1093,1131,82,25
100292,65067.pdf,31,15,บาท,1241,1134,54,21
100294,65067.pdf,31,17,2.1.2 ค่าใช้สอย,194,1219,161,30
100295,65067.pdf,31,17,"173,700",1082,1224,93,25
100296,65067.pdf,31,17,บาท,1241,1228,54,21
100774,65067.pdf,40,16,2.1.1 ค่าตอบแทน,194,1127,185,27
100775,65067.pdf,40,16,"417,912",1079,1128,97,26
100776,65067.pdf,40,16,บาท,1241,1133,54,21
100779,65067.pdf,40,19,2.1.2 ค่าใช้สอย,194,1264,161,30
100780,65067.pdf,40,19,"91,100",1093,1270,82,25
100781,65067.pdf,40,19,บาท,1241,1273,54,21
100973,65067.pdf,43,14,2.1.1 ค่าตอบแทน,194,1033,185,27
100974,65067.pdf,43,14,"439,340",1079,1035,96,26
100975,65067.pdf,43,14,บาท,1241,1039,54,21
101368,65067.pdf,50,15,2.1 ค่าตอบแทน ใช้สอยและวัสดุ,146,1172,321,38
101369,65067.pdf,50,15,"8,752,900",1060,1178,115,25
101370,65067.pdf,50,15,บาท,1241,1181,54,21
101939,65067.pdf,58,13,07199-2,252,1131,95,23
101940,65067.pdf,58,13,(1) ค่าใช้จ่ายโครงการเกษตรปลอดสารพิษ,387,1126,394,30
101941,65067.pdf,58,13,"20,000",1264,1133,81,26
101942,65067.pdf,58,13,บาท,1390,1136,51,20
101943,65067.pdf,58,14,07199-5,252,1179,95,23
101944,65067.pdf,58,14,(2) ค่าใช้จ่ายตามโครงการเรียนฟรี เรียนดี อย่างมีคุณภาพ,387,1173,535,37
101948,65067.pdf,58,16,07199-8,252,1274,95,23
101949,65067.pdf,58,16,(3) ค่าใช้จ่ายในการจัดประชุมสัมมนาคณะกรรมการสถานศึกษา,387,1268,589,37
101953,65067.pdf,58,18,07199-9,252,1369,95,23
101954,65067.pdf,58,18,(4) ค่าใช้จ่ายในการสัมมนาประธานกรรมการเครือข่าย,387,1363,503,30
101958,65067.pdf,58,20,07199-10,252,1464,108,23
101959,65067.pdf,58,20,(5) ค่าใช้จ่ายในการส่งเสริมสนับสนุนให้นักเรียนสร้างสรรค์,387,1457,541,38
102230,65068.pdf,31,3,1.1,75,344,41,24
102231,65068.pdf,31,3,เงินเดือน,117,338,98,30
102232,65068.pdf,31,3,1329000,911,343,121,27
102233,65068.pdf,31,3,บาท,1046,347,56,20
102234,65068.pdf,31,4,01101-1,125,396,96,24
102235,65068.pdf,31,4, อัตราเดิม,304,390,100,30
102236,65068.pdf,31,4,17 อัตรา,405,390,94,30
102237,65068.pdf,31,4,"6,869,500",1188,403,115,27
102238,65068.pdf,31,4,บาท,1319,406,54,21
102239,65068.pdf,31,5,01102-1,125,456,96,24
102240,65068.pdf,31,5,เงินเลื่อนขั้น,306,443,125,37
102241,65068.pdf,31,5,"412,200",1207,463,96,27
102242,65068.pdf,31,5,บาท,1319,466,54,21
102243,65068.pdf,31,6,01107-1,125,515,96,24
102244,65068.pdf,31,6,เงินค่าตอบแทนรายเดือนของข้าราชการ,306,509,391,30
102245,65068.pdf,31,6,"42,000",1220,522,83,27
102246,65068.pdf,31,6,บาท,1319,525,54,21
102247,65068.pdf,31,7,01108-1,125,575,96,24
102248,65068.pdf,31,7,เงินเพิ่มการครองชีพชั่วคราวของข้าราชการ,306,564,419,35
102249,65068.pdf,31,7,"4,400",1234,582,69,27
102250,65068.pdf,31,7,บาท,1319,585,54,21
102251,65068.pdf,31,8,01109-1,125,634,96,24
102252,65068.pdf,31,8,เงินช่วยเหลือค่าครองชีพของข้าราชการ,306,628,385,30
102253,65068.pdf,31,8,900,1253,642,50,24
102254,65068.pdf,31,8,บาท,1319,645,54,21
102255,65068.pdf,31,9,1.2 ค่าจ้างประจํา,66,689,211,36
102256,65068.pdf,31,9,242200,932,700,100,27
102257,65068.pdf,31,9,บาท,1038,704,56,20
102267,65068.pdf,31,12,1.3 ค่าตอบแทน ใช้สอยและวัสดุ[,66,868,360,44
102268,65068.pdf,31,12,1200,960,878,72,27
102269,65068.pdf,31,12,บาท,1038,883,56,20
114730,65073.pdf,37,3,1.1 เงินเดือน,273,458,132,29
114731,65073.pdf,37,3,"353,300",1121,462,96,26
114732,65073.pdf,37,3,บาท,1277,466,53,21
114733,65073.pdf,37,4,01101-1,358,514,92,22
114734,65073.pdf,37,4, อัตราเดิม 2 อัตรา,490,508,171,29
114735,65073.pdf,37,4,"324,300",1284,516,92,26
114736,65073.pdf,37,4,บาท,1416,519,51,20
114737,65073.pdf,37,5,01102-1,358,567,92,22
114738,65073.pdf,37,5,เงินเลื่อนขั้น,491,555,120,35
114739,65073.pdf,37,5,"19,500",1297,568,79,26
114740,65073.pdf,37,5,บาท,1416,571,51,20
114741,65073.pdf,37,6,01108-1,358,619,92,23
114742,65073.pdf,37,6,เงินเพิ่มการครองชีพชั่วคราวของข้าราชการ,491,608,401,34
114743,65073.pdf,37,6,"7,300",1309,620,67,26
114744,65073.pdf,37,6,บาท,1416,623,51,20
114745,65073.pdf,37,7,01109-1,358,671,92,23
114746,65073.pdf,37,7,เงินช่วยเหลือค่าครองชีพของข้าราชการ,491,665,367,29
114747,65073.pdf,37,7,"2,200",1309,673,67,26
114751,65073.pdf,37,9,01201-1,358,776,92,22
114752,65073.pdf,37,9, อัตราเดิม 75 อัตรา,483,770,184,29
114753,65073.pdf,37,9,"15,903,300",1255,777,121,26
114754,65073.pdf,37,9,บาท,1416,780,51,20
114755,65073.pdf,37,10,01202-1,358,828,92,22
114756,65073.pdf,37,10,เงินเพิ่มค่าจ้างประจำ,484,817,200,34
114757,65073.pdf,37,10,"689,400",1284,829,92,26
114758,65073.pdf,37,10,บาท,1416,832,51,20
114759,65073.pdf,37,11,01205-1,358,880,92,23
114760,65073.pdf,37,11,เงินเพิ่มการครองชีพชั่วคราวของลูกจ้างประจำ,484,869,428,42
114761,65073.pdf,37,11,"185,100",1286,882,90,26
114762,65073.pdf,37,11,บาท,1416,885,51,20
114763,65073.pdf,37,12,01206-1,358,932,92,23
114764,65073.pdf,37,12,เงินช่วยเหลือค่าครองชีพของลูกจ้างประจำ,484,926,394,37
114765,65073.pdf,37,12,"89,800",1296,934,80,26
114766,65073.pdf,37,12,บาท,1416,937,51,20
114767,65073.pdf,37,13,1.3 ค่าจ้างชั่วคราว,273,975,189,34
114768,65073.pdf,37,13,"8,904,100",1102,984,115,27
114769,65073.pdf,37,13,บาท,1277,988,53,21
114782,65073.pdf,37,17,1.4 ค่าตอบแทน ใช้สอยและวัสดุ,273,1189,318,36
114783,65073.pdf,37,17,"720,200",1121,1194,96,26
114784,65073.pdf,37,17,บาท,1277,1197,53,21
119508,65075.pdf,33,3,05198-1,144,395,116,41
119509,65075.pdf,33,3,22000,1104,401,84,28
119510,65075.pdf,33,3,บาท,1253,399,55,24
119511,65075.pdf,33,4,05198-1,240,451,95,26
119512,65075.pdf,33,4,เครื่องพิมพ์ชนิด Dot Matrix Printer แบบแคร่สั้น,376,438,468,38
