text,x,y,w,h,filename,line_num
,906,98,37,24,022.jpg,0
รายละเอียดงบประมาณจําแนกตามงบรายจ่าย,317,240,434,30,022.jpg,1
งานอํานวยการและบริหารสํานักงานเขต,317,289,378,30,022.jpg,2
"10,350,780",1285,295,125,28,022.jpg,2
ขบาท,1415,297,52,22,022.jpg,2
1. งบบุคลากร,319,344,140,32,022.jpg,3
"5,716,350",1144,343,113,29,022.jpg,3
บาท,1262,346,53,22,022.jpg,3
1.1 เงินเดือน,347,387,130,30,022.jpg,4
"3,648,750",1144,391,113,29,022.jpg,4
ขบาท,1263,395,52,22,022.jpg,4
,432,442,92,24,022.jpg,5
อัตราเดิม 10 อัตรา,553,437,180,29,022.jpg,5
"3,178,850",1304,442,106,27,022.jpg,5
บาท,1416,444,50,22,022.jpg,5
,432,491,91,24,022.jpg,6
a a 8.เงินนเลอนขน,554,478,116,37,022.jpg,6
"190,750",1322,491,88,27,022.jpg,6
บาท,1416,493,50,22,022.jpg,6
,432,540,91,24,022.jpg,7
เงินประจําตําแหน่ง,554,535,177,29,022.jpg,7
"127,200",1322,541,88,27,022.jpg,7
บาท,1416,542,50,22,022.jpg,7
,432,589,91,24,022.jpg,8
เงินค่าตอบแทนรายเดือนของข้าราชการ,554,582,360,31,022.jpg,8
"148,200",1322,589,88,28,022.jpg,8
บาท,1416,591,50,22,022.jpg,8
,432,638,91,24,022.jpg,9
เงินเพิมการครองชีพชั่วคราวของข้าราชการ,554,627,389,35,022.jpg,9
"2,900",1345,639,66,27,022.jpg,9
บาท,1416,640,50,22,022.jpg,9
,432,687,91,24,022.jpg,10
เงินช่วยเหลือค่าครองชีพของข้าราชการ,554,680,356,31,022.jpg,10
850,1363,688,47,24,022.jpg,10
บาท,1416,689,50,22,022.jpg,10
1.2 ค่าจ้างประจํา,339,731,172,30,022.jpg,11
"1,706,650",1146,735,111,29,022.jpg,11
บาท,1262,739,53,22,022.jpg,11
,424,785,91,24,022.jpg,12
อัตราเดิม 9 อัตรา,546,780,167,29,022.jpg,12
"1,584,700",1305,785,105,28,022.jpg,12
บาท,1416,788,50,22,022.jpg,12
,424,834,91,24,022.jpg,13
เงินเพิ่มค่าจ้างประจํา,547,823,195,35,022.jpg,13
"72,400",1333,834,77,28,022.jpg,13
บาท,1416,837,50,22,022.jpg,13
,424,883,91,24,022.jpg,14
เงินเพิมการครองชีพชัวคราวของลูกจ้างประจํา,547,872,415,43,022.jpg,14
"33,050",1334,884,76,27,022.jpg,14
บาท,1416,886,50,22,022.jpg,14
,424,933,91,24,022.jpg,15
เงินช่วยเหลือค่าครองชีพของลูกจ้างประจํา,547,926,383,39,022.jpg,15
"16,500",1335,933,75,27,022.jpg,15
บาท,1416,935,50,22,022.jpg,15
1.3 ค่าจ้างชัวคราว,339,971,186,35,022.jpg,16
"312,000",1163,981,94,28,022.jpg,16
บาท,1262,984,53,22,022.jpg,16
,424,1031,91,24,022.jpg,17
ค่าจ้างชั่วคราว 3 อัตรา,546,1020,214,36,022.jpg,17
"231,600",1320,1031,90,27,022.jpg,17
บาท,1416,1033,50,22,022.jpg,17
,424,1080,91,24,022.jpg,18
เงินเพิมการครองชีพชั่วคราวของลูกจ้างชัวคราว,547,1069,424,43,022.jpg,18
"28,400",1333,1079,77,28,022.jpg,18
บาท,1416,1082,50,22,022.jpg,18
02103-1,424,1129,91,25,022.jpg,19
เงินช่วยเหลือค่าครองชีพของลูกจ้างชั่วคราว,547,1118,392,43,022.jpg,19
"52,000",1333,1130,77,27,022.jpg,19
บาท,1416,1132,50,22,022.jpg,19
1.4 ค่าตอบแทน ใช้สอยและวัสดุ,339,1172,310,39,022.jpg,20
"48,950",1176,1176,81,29,022.jpg,20
บาท,1262,1181,53,22,022.jpg,20
03128-1,424,1227,91,25,022.jpg,21
เงินตอบแทนพิเศษของลูกจ้างประจํา,547,1221,331,38,022.jpg,21
"15,150",1335,1228,75,27,022.jpg,21
บาท,1416,1230,50,22,022.jpg,21
03217-1,424,1276,91,25,022.jpg,22
เงินสมทบกองทุนประกันสังคม,547,1271,277,37,022.jpg,22
"15,600",1335,1277,75,27,022.jpg,22
บาท,1416,1279,50,22,022.jpg,22
03611-1,424,1325,91,25,022.jpg,23
iad     1คาเครองแตงกาย,546,1314,161,35,022.jpg,23
"18,200",1335,1326,75,27,022.jpg,23
บาท,1416,1328,50,22,022.jpg,23
2. งบดําเนินงาน,317,1418,163,30,022.jpg,24
"4,492,110",1144,1423,113,29,022.jpg,24
บาท,1262,1426,53,22,022.jpg,24
2.1 ค่าตอบแทน ใช้สอยและวัสดุ,337,1466,312,39,022.jpg,25
"2,917,960",1144,1471,113,29,022.jpg,25
ขบาท,1262,1475,53,22,022.jpg,25
2.1.1 ค่าตอบแทน,377,1517,181,29,022.jpg,26
"345,960",1163,1520,94,29,022.jpg,26
บาท,1262,1524,53,22,022.jpg,26
ค่าอาหารทําการนอกเวลา,546,1566,238,29,022.jpg,27
2.1.2 ค่าใช้สอย,377,1613,158,31,022.jpg,28
"1,718,500",1146,1619,111,28,022.jpg,28
บาท,1262,1622,53,22,022.jpg,28
ส่วนใหญ่เป็นค่าจ้างทําความสะอาดอาคาร,546,1661,379,38,022.jpg,29
"ไคลโครลซี     1         al    2,ค่าบํารุงรักษาซ่อมแซมเครื่องปรับอากาศ",546,1707,365,43,022.jpg,30
ค่าจ้างเหมาบริการเป็นรายบุคคล,546,1759,299,40,022.jpg,31
ค่าจ้างเหมาป้องกันและกําจัดปลวก ฯลฯ,546,1810,365,30,022.jpg,32
,906,96,37,25,023.jpg,0
2.1.3 ค่าวัสดุ,377,240,135,38,023.jpg,1
"853,500",1163,245,94,28,023.jpg,1
บาท,1262,248,53,22,023.jpg,1
WP wy  al  Ss  aส่วนใหญ่เป็นค่าวัสดุเครืองคอมพิวเตอร์,546,283,354,43,023.jpg,2
ค่าวัสดุไฟฟ้า ประปา งานบ้าน งานครัว และงานสวน,546,337,472,39,023.jpg,3
iw ก  a    ow  ialคาว์สดุนามนเช้อเพลงและนามนหลอลน,546,380,363,45,023.jpg,4
าวัสดุสํานักงาน ฯลฯans,546,437,204,37,023.jpg,5
2.2 ค่าสาธารณูปโภค,337,485,207,39,023.jpg,6
"1574,150",1146,489,111,29,023.jpg,6
บาท,1262,493,53,22,023.jpg,6
ค่าไฟฟ้า,546,533,83,31,023.jpg,7
ค่านําประปา,546,576,122,37,023.jpg,8
ค่าโทรศัพท์,546,631,112,31,023.jpg,9
3. งบลงทุน,317,737,118,32,023.jpg,10
"142,320",1165,736,92,29,023.jpg,10
บาท,1262,739,53,22,023.jpg,10
"1๑สมี,นและสิงก่อสร้าง",340,775,300,43,023.jpg,11
"142,320",1165,784,92,29,023.jpg,11
บาท,1262,788,53,22,023.jpg,11
,340,828,114,39,023.jpg,12
"142,320",1165,833,92,29,023.jpg,12
บาท,1262,837,53,22,023.jpg,12
05101-3,424,883,93,25,023.jpg,13
"al   ซ,          1        a &(1) เครื่องปรับอากาศ แบบแยกส่วน (ราคารวมค่าติดตัง)",546,870,504,39,023.jpg,13
"a   wo                      alแบบติดผนัง ขนาด 18,000 diy 1 เครื่อง",576,922,379,43,023.jpg,14
"22,600",1333,933,77,27,023.jpg,14
บาท,1416,935,50,22,023.jpg,14
,424,982,92,24,023.jpg,15
"al     =      ow,    oy(2) เครื่องคอมพิวเตอร์ สําหรับงานสํานักงาน",546,971,403,37,023.jpg,15
(จอแสดงภาพขนาดไม่น็อยกว่า 19 นิว),575,1018,354,39,023.jpg,16
พร้อมโปรแกรมระบบปฏิบัติการ (๐5),575,1074,343,37,023.jpg,17
ฏหมายญูEsทธิถูกต้องตามกแบบ GGWA ที่มีลิขสิ,576,1118,401,43,023.jpg,18
al2เครอง,575,1167,84,35,023.jpg,19
"51,020",1333,1179,77,27,023.jpg,19
บาท,1416,1181,50,22,023.jpg,19
,424,1227,104,24,023.jpg,20
(3) ตู้เหล็ก แบบ 4 ลินชัก 3 ตู้,546,1214,277,45,023.jpg,20
"20,700",1333,1228,77,27,023.jpg,20
บาท,1416,1230,50,22,023.jpg,20
05198-4,424,1275,93,25,023.jpg,21
7         a      y(4) ตู้เหล็ก บานเลื่อน 6 ตู้,546,1265,241,43,023.jpg,21
"19,800",1335,1277,75,27,023.jpg,21
บาท,1416,1279,50,22,023.jpg,21
,424,1325,91,24,023.jpg,22
ม จ้ก                 ew    4(5) เก้าอิโครงเหล็กบุนวม แบบมีพนักพิง 67 ตัว,546,1312,426,45,023.jpg,22
"28,200",1333,1326,77,27,023.jpg,22
บาท,1416,1328,50,22,023.jpg,22
,906,97,37,24,024.jpg,0
งานปกครอง,317,242,126,28,024.jpg,1
"7,768,340",1296,245,114,29,024.jpg,1
บาท,1415,248,53,22,024.jpg,1
1. งบบุคลากร,319,295,140,32,024.jpg,2
"5,698,150",1144,294,113,29,024.jpg,2
บาท,1262,297,53,22,024.jpg,2
1.1 เงินเดือน,339,338,131,30,024.jpg,3
"3,648,750",1144,342,113,29,024.jpg,3
บาท,1262,346,53,22,024.jpg,3
,424,393,92,24,024.jpg,4
อัตราเดิม 9 อัตรา,546,388,167,29,024.jpg,4
"3,178,850",1304,393,106,27,024.jpg,4
บาท,1416,395,50,22,024.jpg,4
,424,442,91,24,024.jpg,5
ao a 8.เงินนเลอนขน,547,429,116,37,024.jpg,5
"190,750",1322,442,88,27,024.jpg,5
บาท,1416,444,50,22,024.jpg,5
,424,491,91,24,024.jpg,6
เงินประจําตําแหน่ง,547,486,177,29,024.jpg,6
"127,200",1322,491,88,27,024.jpg,6
บาท,1416,493,50,22,024.jpg,6
,424,540,91,24,024.jpg,7
เงินค่าตอบแทนรายเดือนของข้าราชการ,547,533,360,31,024.jpg,7
"148,200",1322,540,88,28,024.jpg,7
บาท,1416,543,50,22,024.jpg,7
,424,589,91,24,024.jpg,8
เงินเพิมการครองชีพชั่วคราวของข้าราชการ,547,578,388,35,024.jpg,8
"2,900",1345,590,66,27,024.jpg,8
บาท,1416,592,50,22,024.jpg,8
,424,638,91,24,024.jpg,9
เงินช่วยเหลือค่าครองชีพของข้าราชการ,547,631,356,31,024.jpg,9
850,1363,639,47,24,024.jpg,9
บาท,1416,641,50,22,024.jpg,9
1.2 ค่าจ้างประจํา,339,682,172,30,024.jpg,10
"1,706,650",1146,685,111,29,024.jpg,10
บาท,1262,690,53,22,024.jpg,10
,424,736,91,24,024.jpg,11
อัตราเดิม 8 อัตรา,546,731,167,29,024.jpg,11
"1,584,700",1305,736,105,28,024.jpg,11
บาท,1416,739,50,22,024.jpg,11
,424,785,91,24,024.jpg,12
เงินเพิ่มค่าจ้างประจํา,547,774,195,35,024.jpg,12
"72,400",1333,785,77,28,024.jpg,12
บาท,1416,788,50,22,024.jpg,12
,424,834,91,24,024.jpg,13
เงินเพิมการครองชีพชัวคราวของลูกจ้างประจํา,547,823,415,43,024.jpg,13
"33,050",1334,835,76,27,024.jpg,13
บาท,1416,837,50,22,024.jpg,13
,424,883,91,24,024.jpg,14
เงินช่วยเหลือค่าครองชีพของลูกจ้างประจํา,547,876,383,39,024.jpg,14
"16,500",1335,884,75,27,024.jpg,14
บาท,1416,886,50,22,024.jpg,14
1.3 ค่าจ้างชัวคราว,339,922,186,35,024.jpg,15
"312,000",1163,932,94,28,024.jpg,15
บาท,1262,935,53,22,024.jpg,15
,424,982,91,24,024.jpg,16
ค่าจ้างชัวคราว 2 อัตรา,546,971,214,35,024.jpg,16
"231,600",1320,982,90,27,024.jpg,16
บาท,1416,984,50,22,024.jpg,16
,424,1031,91,24,024.jpg,17
เงินเพิมการครองชีพชั่วคราวของลูกจ้างชัวคราว,547,1020,424,43,024.jpg,17
"28,400",1333,1030,77,28,024.jpg,17
บาท,1416,1033,50,22,024.jpg,17
02103-1,424,1080,91,25,024.jpg,18
เงินช่วยเหลือค่าครองชีพของลูกจ้างชั่วคราว,547,1069,392,43,024.jpg,18
"52,000",1333,1080,77,27,024.jpg,18
บาท,1416,1082,50,22,024.jpg,18
1.4 ค่าตอบแทน ใช้สอยและวัสดุ,339,1123,310,39,024.jpg,19
"30,750",1176,1128,81,28,024.jpg,19
บาท,1262,1132,53,22,024.jpg,19
03128-1,424,1178,91,25,024.jpg,20
เงินตอบแทนพิเศษของลูกจ้างประจํา,547,1172,331,38,024.jpg,20
"15,150",1335,1179,75,27,024.jpg,20
บาท,1416,1181,50,22,024.jpg,20
03217-1,424,1227,91,25,024.jpg,21
เงินสมทบกองทุนประกันสังคม,547,1222,277,37,024.jpg,21
"15,600",1335,1228,75,27,024.jpg,21
บาท,1416,1230,50,22,024.jpg,21
2. งบดําเนินงาน,317,1320,163,30,024.jpg,22
1612590,1146,1325,111,29,024.jpg,22
บาท,1262,1328,53,22,024.jpg,22
2.1 ค่าตอบแทน ใช้สอยและวัสดุ,337,1368,312,39,024.jpg,23
"38,440",1176,1373,81,29,024.jpg,23
บาท,1262,1377,53,22,024.jpg,23
ค่าตอบแทน,385,1419,122,29,024.jpg,24
"38,440",1176,1422,81,29,024.jpg,24
ขบาท,1263,1426,52,22,024.jpg,24
ค่าอาหารทําการนอกเวลา,546,1467,238,29,024.jpg,25
2.2 ค่าสาธารณูปโภค,337,1516,207,39,024.jpg,26
"1574,150",1146,1520,111,29,024.jpg,26
บาท,1262,1524,53,22,024.jpg,26
ค่าไฟฟ้า,546,1564,83,31,024.jpg,27
ค่านําประปา,546,1607,122,37,024.jpg,28
ค่าโทรศัพท์,546,1662,112,31,024.jpg,29
,906,96,36,25,025.jpg,0
3. งบรายจ่ายอิน,317,235,166,35,025.jpg,1
"457,600",1163,245,94,29,025.jpg,1
บาท,1262,248,53,22,025.jpg,1
07103-1,424,294,91,25,025.jpg,2
(1) ค่าใช้จ่ายในการฝึกอบรมอาสาสมัคร,546,288,360,32,025.jpg,2
ป้องกันภัยฝ่ายพลเรือน (หลักสูตรหลัก),575,337,354,39,025.jpg,3
"64,100",1333,343,77,28,025.jpg,3
บาท,1416,346,50,22,025.jpg,3
07103-2,424,393,92,25,025.jpg,4
(2) ค่าใช้จ่ายในการฝึกอบรมอาสาสมัคร,546,387,360,32,025.jpg,4
ป้องกันภัยฝ่ายพลเรือน (หลักสูตรทบทวน)ศู,575,435,383,39,025.jpg,5
"41,500",1333,441,77,28,025.jpg,5
บาท,1416,444,50,22,025.jpg,5
,424,491,91,24,025.jpg,6
Ce Aen eee     ey    a(3) คา.ชจายเกยวกับการสนบสนุนกจการ,546,480,377,43,025.jpg,6
อาสาสมัครป้องกันภัยฝ่ายพลเรือน,575,533,313,31,025.jpg,7
"352,000",1321,541,89,27,025.jpg,7
บาท,1416,543,50,22,025.jpg,7
,906,97,37,24,026.jpg,0
งานบริหารทัวไปและบริการทะเบียน,317,235,342,35,026.jpg,1
"8,162,100",1296,245,114,29,026.jpg,1
ขบาท,1415,248,52,22,026.jpg,1
1. งบบุคลากร,319,295,140,32,026.jpg,2
"7,201,500",1144,295,113,28,026.jpg,2
บาท,1262,297,53,22,026.jpg,2
1.1 เงินเดือน,347,338,130,30,026.jpg,3
"7,038,200",1144,343,113,28,026.jpg,3
ขบาท,1263,346,52,22,026.jpg,3
,432,393,91,24,026.jpg,4
อัตราเดิม 17 อัตรา,553,388,180,29,026.jpg,4
"6,587,900",1303,393,107,27,026.jpg,4
บาท,1423,395,50,22,026.jpg,4
,432,442,91,24,026.jpg,5
ao a 8.เงินนเลอนขน,554,429,116,37,026.jpg,5
"395,300",1321,442,89,27,026.jpg,5
บาท,1423,444,50,22,026.jpg,5
,432,491,91,24,026.jpg,6
เงินค่าตอบแทนรายเดือนของข้าราชการ,554,484,360,31,026.jpg,6
"42,000",1333,490,77,28,026.jpg,6
บาท,1423,493,50,22,026.jpg,6
,432,540,91,24,026.jpg,7
เงินเพิมการครองชีพชั่วคราวของข้าราชการ,554,529,389,35,026.jpg,7
"8,000",1345,541,66,27,026.jpg,7
บาท,1423,543,50,22,026.jpg,7
,432,589,91,24,026.jpg,8
เงินช่วยเหลือค่าครองชีพของข้าราชการ,554,582,356,31,026.jpg,8
"5,000",1345,590,66,27,026.jpg,8
บาท,1423,592,50,22,026.jpg,8
1.2 ค่าจ้างประจํา,339,633,172,30,026.jpg,9
"162,000",1165,636,92,29,026.jpg,9
บาท,1262,641,53,22,026.jpg,9
,424,687,91,24,026.jpg,10
อัตราเดิม 1 อัตรา,546,682,167,29,026.jpg,10
"116,200",1322,688,88,27,026.jpg,10
บาท,1416,690,50,22,026.jpg,10
,424,736,91,24,026.jpg,11
เงินเพิ่มค่าจ้างประจํา,547,725,195,35,026.jpg,11
"7,000",1345,737,66,27,026.jpg,11
บาท,1416,739,50,22,026.jpg,11
,424,785,91,24,026.jpg,12
เงินเพิมการครองชีพชั่วคราวของลูกจ้างประจํา,547,774,415,43,026.jpg,12
"24,000",1333,785,77,28,026.jpg,12
บาท,1416,788,50,22,026.jpg,12
,424,834,91,24,026.jpg,13
เงินช่วยเหลือค่าครองชีพของลูกจ้างประจํา,547,827,383,39,026.jpg,13
"14,800",1335,834,75,28,026.jpg,13
บาท,1416,837,50,22,026.jpg,13
1.3 ค่าตอบแทน ใช้สอยและวัสดุ,339,877,310,39,026.jpg,14
"1,300",1191,883,66,28,026.jpg,14
บาท,1262,886,53,22,026.jpg,14
03611-1,424,933,91,25,026.jpg,15
iad     1คาเครองแตงกาย,546,922,161,35,026.jpg,15
"1,300",1347,933,64,27,026.jpg,15
บาท,1416,935,50,22,026.jpg,15
2. งบดําเนินงาน,317,1025,163,30,026.jpg,16
"895,200",1163,1031,94,28,026.jpg,16
บาท,1262,1033,53,22,026.jpg,16
ค่าตอบแทน ใช้สอยและวัสดุ,340,1073,272,39,026.jpg,17
"895,200",1163,1079,94,28,026.jpg,17
ขบาท,1262,1082,53,22,026.jpg,17
2.1 ค่าตอบแทน,340,1125,162,29,026.jpg,18
"354,000",1163,1127,94,29,026.jpg,18
ขบาท,1263,1132,52,22,026.jpg,18
ค่าอาหารทําการนอกเวลา,546,1173,238,29,026.jpg,19
2.2 ค่าใช้สอย,340,1221,139,31,026.jpg,20
"405,800",1163,1225,94,29,026.jpg,20
ขบาท,1263,1230,52,22,026.jpg,20
ค่าซ่อมแซมยานพาหนะ,546,1271,218,29,026.jpg,21
ต์.ค่าซ่อมแซมครุภัณฑ์,546,1318,188,39,026.jpg,22
ค่าจ้างเหมาบริการเป็นรายบุคคล,546,1367,299,40,026.jpg,23
,340,1418,116,38,026.jpg,24
"135,400",1165,1422,92,29,026.jpg,24
ขบาท,1263,1426,52,22,026.jpg,24
tw ก  a    ow  alคาว์สดุนามนเช้อเพลงและนามนหลอลน,546,1459,363,45,026.jpg,25
าวสดูสานกงานans,546,1517,159,37,026.jpg,26
0     ซ่       Ssคาว์สดุเครองคอมพว เตอร์,546,1560,240,43,026.jpg,27
ค่าวัสดุยานพาหนะ,546,1615,176,37,026.jpg,28
,906,97,37,24,027.jpg,0
3. งบลงทุน,317,246,118,32,027.jpg,1
"65,400",1176,245,81,29,027.jpg,1
บาท,1262,248,53,22,027.jpg,1
"1๑สมี,นและสิงก่อสร้าง",340,284,300,43,027.jpg,2
"65,400",1176,293,81,29,027.jpg,2
บาท,1262,297,53,22,027.jpg,2
,340,337,114,39,027.jpg,3
"65,400",1176,342,81,29,027.jpg,3
บาท,1262,346,53,22,027.jpg,3
,424,393,91,24,027.jpg,4
vay ay  Py       yas   »(1) เก้าอิไม่มีล้อ มีท้าวแขนและพนักพิง 18 ตัว,546,380,417,39,027.jpg,4
"32,400",1334,392,76,28,027.jpg,4
บาท,1416,395,50,22,027.jpg,4
,424,442,92,24,027.jpg,5
"ฆ ส้          ""      =,   wy   vy,(2) เก้าอิ๊เหล็กหมุนมีพนักพิง แบบปรับระดับได้ 15 ตัว",546,429,485,45,027.jpg,5
"33,000",1334,442,76,27,027.jpg,5
บาท,1416,444,50,22,027.jpg,5
,906,97,36,24,028.jpg,0
งานบริหารทัวไปและบริหารการคลัง,317,235,341,35,028.jpg,1
"5,395,400",1296,245,114,29,028.jpg,1
ขบาท,1415,248,52,22,028.jpg,1
1. งบบุคลากร,319,295,140,32,028.jpg,2
"4,494,300",1144,294,113,29,028.jpg,2
บาท,1262,297,53,22,028.jpg,2
1.1 เงินเดือน,339,338,131,30,028.jpg,3
"4,055,400",1144,342,113,29,028.jpg,3
บาท,1262,346,53,22,028.jpg,3
,424,393,91,24,028.jpg,4
อัตราเดิม 15 อัตรา,546,388,180,29,028.jpg,4
"3,749,500",1304,392,106,28,028.jpg,4
บาท,1416,395,50,22,028.jpg,4
,424,442,91,24,028.jpg,5
ao a 8.เงินนเลอนขน,547,429,116,37,028.jpg,5
"225,000",1320,442,90,27,028.jpg,5
บาท,1416,444,50,22,028.jpg,5
,424,491,91,24,028.jpg,6
เงินค่าตอบแทนรายเดือนของข้าราชการ,547,484,360,31,028.jpg,6
"42,000",1333,490,77,28,028.jpg,6
บาท,1416,493,50,22,028.jpg,6
,424,540,91,24,028.jpg,7
เงินเพิมการครองชีพชั่วคราวของข้าราชการ,547,529,388,35,028.jpg,7
"24,000",1333,540,77,28,028.jpg,7
บาท,1416,543,50,22,028.jpg,7
,424,589,91,24,028.jpg,8
เงินช่วยเหลือค่าครองชีพของข้าราชการ,547,582,356,31,028.jpg,8
"14,900",1335,589,75,28,028.jpg,8
บาท,1416,592,50,22,028.jpg,8
1.2 ค่าจ้างประจํา,339,633,172,30,028.jpg,9
"345,300",1163,636,94,29,028.jpg,9
บาท,1262,641,53,22,028.jpg,9
,424,687,91,24,028.jpg,10
อัตราเดิม 2 อัตรา,546,682,167,29,028.jpg,10
"313,500",1321,688,89,27,028.jpg,10
บาท,1416,690,50,22,028.jpg,10
,424,736,91,24,028.jpg,11
เงินเพิ่มค่าจ้างประจํา,547,725,195,35,028.jpg,11
"18,800",1335,737,75,27,028.jpg,11
บาท,1416,739,50,22,028.jpg,11
,424,785,91,24,028.jpg,12
เงินเพิมการครองชีพชั่วคราวของลูกจ้างประจํา,547,774,415,43,028.jpg,12
"8,000",1345,786,66,27,028.jpg,12
บาท,1416,788,50,22,028.jpg,12
,424,834,91,24,028.jpg,13
เงินช่วยเหลือค่าครองชีพของลูกจ้างประจํา,547,827,383,39,028.jpg,13
"5,000",1345,835,66,27,028.jpg,13
บาท,1416,837,50,22,028.jpg,13
1.3 ค่าตอบแทน ใช้สอยและวัสดุ,339,877,310,39,028.jpg,14
"93,600",1176,882,81,29,028.jpg,14
บาท,1262,886,53,22,028.jpg,14
03293-1,424,933,91,25,028.jpg,15
เงินสมทบเข้ากองทุนเงินทดแทน,547,927,294,38,028.jpg,15
"92,300",1333,933,77,27,028.jpg,15
บาท,1416,935,50,22,028.jpg,15
03611-1,424,982,91,25,028.jpg,16
iad     1คาเครองแตงกาย,546,971,161,35,028.jpg,16
"1,300",1347,982,64,27,028.jpg,16
บาท,1416,984,50,22,028.jpg,16
2. งบดําเนินงาน,317,1073,163,30,028.jpg,17
"862,100",1163,1078,94,29,028.jpg,17
บาท,1262,1081,53,22,028.jpg,17
2.1 ค่าตอบแทน ใช้สอยและวัสดุ,337,1121,312,39,028.jpg,18
"746,100",1163,1126,94,29,028.jpg,18
ขบาท,1262,1130,53,22,028.jpg,18
2.1.1 ค่าตอบแทน,377,1172,181,29,028.jpg,19
"307,900",1163,1176,94,28,028.jpg,19
บาท,1262,1179,53,22,028.jpg,19
ค่าอาหารทําการนอกเวลา,546,1220,238,29,028.jpg,20
2.1.2 ค่าใช้สอย,377,1268,158,31,028.jpg,21
"202,600",1163,1273,94,29,028.jpg,21
บาท,1262,1277,53,22,028.jpg,21
ค่าซ่อมแซมยานพาหนะ,546,1319,218,29,028.jpg,22
ต์.ค่าซ่อมแซมครุภัณฑ์,546,1366,188,39,028.jpg,23
ค่าจ้างเหมาบริการเป็นรายบุคคล,546,1414,299,40,028.jpg,24
2.1.3 ค่าวัสดุ,377,1466,135,38,028.jpg,25
"235,600",1163,1469,94,29,028.jpg,25
บาท,1262,1474,53,22,028.jpg,25
tw ก  a    ow  alคาว์สดุนามนเช้อเพลงและนามนหลอลน,546,1507,363,45,028.jpg,26
าวสดูสานกงานans,546,1564,159,37,028.jpg,27
0     ซ่       2.คาว์สดุเครองคอมพว เตอร์,546,1607,240,43,028.jpg,28
ค่าวัสดุยานพาหนะ,546,1662,176,37,028.jpg,29
2.2 ค่าสาธารณูปโภค,337,1711,207,39,028.jpg,30
"116,000",1165,1715,92,29,028.jpg,30
บาท,1262,1719,53,22,028.jpg,30
ค่าโทรศัพท์,546,1758,112,31,028.jpg,31
ค่าไปรษณีย์,546,1807,116,31,028.jpg,32
,906,97,37,24,029.jpg,0
3. งบลงทุน,317,246,118,32,029.jpg,1
"39,000",1176,246,81,28,029.jpg,1
บาท,1262,248,53,22,029.jpg,1
"»,นและสิงก่อสร้าง(๕1",340,284,275,43,029.jpg,2
"39,000",1176,294,81,28,029.jpg,2
บาท,1262,297,53,22,029.jpg,2
,340,337,114,39,029.jpg,3
"39,000",1176,343,81,28,029.jpg,3
บาท,1262,346,53,22,029.jpg,3
05138-1,424,393,91,25,029.jpg,4
alo                      yt      alเครื่องคํานวณเลขไฟฟ้า แบบมีกระดาษบันทึก 10 เครื่อง,547,382,503,35,029.jpg,4
"39,000",1334,393,76,27,029.jpg,4
บาท,1416,395,50,22,029.jpg,4
,906,97,36,24,030.jpg,0
งานบริหารทั่วไปและจัดเก็บรายได้,317,235,325,35,030.jpg,1
"5,067,750",1296,245,114,29,030.jpg,1
ขบาท,1415,248,52,22,030.jpg,1
1. งบบุคลากร,319,295,140,32,030.jpg,2
"3,253,300",1144,295,113,28,030.jpg,2
บาท,1262,297,53,22,030.jpg,2
1.1 เงินเดือน,347,338,130,30,030.jpg,3
"2850,000",1144,343,113,28,030.jpg,3
ขบาท,1263,346,52,22,030.jpg,3
,432,393,91,24,030.jpg,4
อัตราเดิม 12 อัตรา,553,388,180,29,030.jpg,4
"2,601,200",1303,393,107,27,030.jpg,4
บาท,1423,395,50,22,030.jpg,4
,432,442,91,24,030.jpg,5
ao a 8.เงินนเลอนขน,554,429,116,37,030.jpg,5
"156,000",1322,442,88,27,030.jpg,5
บาท,1423,444,50,22,030.jpg,5
,432,491,91,24,030.jpg,6
เงินค่าตอบแทนรายเดือนของข้าราชการ,554,484,360,31,030.jpg,6
"42,000",1333,490,77,28,030.jpg,6
บาท,1423,493,50,22,030.jpg,6
,432,540,91,24,030.jpg,7
เงินเพิมการครองชีพชั่วคราวของข้าราชการ,554,529,389,35,030.jpg,7
"30,800",1334,541,76,27,030.jpg,7
บาท,1423,543,50,22,030.jpg,7
,432,589,91,24,030.jpg,8
เงินช่วยเหลือค่าครองชีพของข้าราชการ,554,582,356,31,030.jpg,8
"20,000",1333,590,77,27,030.jpg,8
บาท,1423,592,50,22,030.jpg,8
1.2 ค่าจ้างประจํา,339,633,172,30,030.jpg,9
"400,700",1163,636,94,29,030.jpg,9
บาท,1262,641,53,22,030.jpg,9
,424,687,91,24,030.jpg,10
อัตราเดิม 2 อัตรา,546,682,167,29,030.jpg,10
"365,800",1321,688,89,27,030.jpg,10
บาท,1416,690,50,22,030.jpg,10
,424,736,91,24,030.jpg,11
เงินเพิ่มค่าจ้างประจํา,547,725,195,35,030.jpg,11
"21,900",1333,737,77,27,030.jpg,11
บาท,1416,739,50,22,030.jpg,11
,424,785,91,24,030.jpg,12
เงินเพิมการครองชีพชั่วคราวของลูกจ้างประจํา,547,774,415,43,030.jpg,12
"8,000",1345,786,66,27,030.jpg,12
บาท,1416,788,50,22,030.jpg,12
,424,834,91,24,030.jpg,13
เงินช่วยเหลือค่าครองชีพของลูกจ้างประจํา,547,827,383,39,030.jpg,13
"5,000",1345,835,66,27,030.jpg,13
บาท,1416,837,50,22,030.jpg,13
1.3 ค่าตอบแทน ใช้สอยและวัสดุ,339,877,310,39,030.jpg,14
2600,1189,882,68,29,030.jpg,14
บาท,1262,886,53,22,030.jpg,14
03611-1,424,933,91,25,030.jpg,15
iad     1คาเครองแตงกาย,546,922,161,35,030.jpg,15
"2,600",1345,933,66,27,030.jpg,15
บาท,1416,935,50,22,030.jpg,15
2. งบดําเนินงาน,317,1025,163,30,030.jpg,16
"1,686,900",1146,1030,111,29,030.jpg,16
บาท,1262,1033,53,22,030.jpg,16
2.1 ค่าตอบแทน ใช้สอยและวัสดุ,337,1073,312,39,030.jpg,17
"474,200",1163,1078,94,29,030.jpg,17
ขบาท,1262,1082,53,22,030.jpg,17
2.1.1 ค่าตอบแทน,377,1125,181,29,030.jpg,18
"78,000",1176,1128,81,28,030.jpg,18
บาท,1262,1132,53,22,030.jpg,18
ค่าอาหารทําการนอกเวลา,546,1173,238,29,030.jpg,19
2.1.2 ค่าใช้สอย,377,1221,158,31,030.jpg,20
"169,800",1165,1225,92,29,030.jpg,20
บาท,1262,1230,53,22,030.jpg,20
ค่าซ่อมแซมยานพาหนะ,546,1271,218,29,030.jpg,21
ต์.ค่าซ่อมแซมครุภัณฑ์,546,1318,188,39,030.jpg,22
ค่าจ้างเหมาบริการเป็นรายบุคคล,546,1366,299,40,030.jpg,23
2.1.3 ค่าวัสดุ,377,1418,135,38,030.jpg,24
"226,400",1163,1422,94,29,030.jpg,24
บาท,1262,1426,53,22,030.jpg,24
tw ก  a    ow  alคาว์สดุนามนเช้อเพลงและนามนหลอลน,546,1459,363,45,030.jpg,25
าวสดูสานกงานans,546,1517,159,37,030.jpg,26
0     ซ่       Ssคาว์สดุเครองคอมพว เตอร์,546,1560,240,43,030.jpg,27
ค่าวัสดุยานพาหนะ,546,1615,176,37,030.jpg,28
2.2 ค่าสาธารณูปโภค,337,1663,207,39,030.jpg,29
"1,212,700",1146,1668,111,28,030.jpg,29
บาท,1262,1671,53,22,030.jpg,29
ค่าไปรษณีย์,546,1711,116,31,030.jpg,30
,906,97,38,24,031.jpg,0
3. งบลงทุน,317,246,118,32,031.jpg,1
"127,550",1165,246,92,28,031.jpg,1
บาท,1262,248,53,22,031.jpg,1
"1๑สมี,นและสิงก่อสร้าง",340,284,300,43,031.jpg,2
"127,550",1165,294,92,28,031.jpg,2
บาท,1262,297,53,22,031.jpg,2
,340,337,114,39,031.jpg,3
"127,550",1165,343,92,28,031.jpg,3
บาท,1262,346,53,22,031.jpg,3
,424,393,91,24,031.jpg,4
"al   a   ow,   oyเครื่องคอมพิวเตอร์ สําหรับงานสํานักงาน",547,382,369,35,031.jpg,4
(จอแสดงภาพขนาดไม่น็อยกว่า 19 นิว),546,429,354,39,031.jpg,5
พร้อมโปรแกรมระบบปฏิบัติการ (๐5),546,485,343,37,031.jpg,6
ฏหมายญูซ์.เทธิถูกต้องตามกแบบ GGWA ที่มีลิขสิ,547,529,400,43,031.jpg,7
al5 เครอง,546,578,84,35,031.jpg,8
"127,550",1322,590,88,27,031.jpg,8
บาท,1416,592,50,22,031.jpg,8
,906,97,37,24,032.jpg,0
งานบริหารทัวไปฝ่ายรักษาความสะอาด,317,235,371,35,032.jpg,1
"31,933,646",1283,245,126,29,032.jpg,1
ขบาท,1415,248,52,22,032.jpg,1
1. งบบุคลากร,319,295,140,32,032.jpg,2
"28,304,935",1131,294,126,29,032.jpg,2
บาท,1262,297,53,22,032.jpg,2
1.1 เงินเดือน,339,338,131,30,032.jpg,3
"886,000",1163,342,94,29,032.jpg,3
บาท,1262,346,53,22,032.jpg,3
,424,393,91,24,032.jpg,4
อัตราเดิม 2 อัตรา,546,388,167,29,032.jpg,4
"833,200",1320,393,90,27,032.jpg,4
บาท,1416,395,50,22,032.jpg,4
,424,442,91,24,032.jpg,5
ao a 8.เงินนเลอนขน,547,429,116,37,032.jpg,5
"50,000",1333,442,77,27,032.jpg,5
บาท,1416,444,50,22,032.jpg,5
,424,491,91,24,032.jpg,6
เงินค่าตอบแทนรายเดือนของข้าราชการ,547,484,360,31,032.jpg,6
"2,800",1345,491,66,27,032.jpg,6
บาท,1416,493,50,22,032.jpg,6
1.2 ค่าจ้างประจํา,339,535,172,30,032.jpg,7
"20,983,900",1131,539,126,28,032.jpg,7
บาท,1262,543,53,22,032.jpg,7
,424,589,91,24,032.jpg,8
อัตราเดิม 95 อัตรา,546,584,180,29,032.jpg,8
"19,614,800",1292,589,118,28,032.jpg,8
บาท,1416,592,50,22,032.jpg,8
,424,638,91,24,032.jpg,9
เงินเพิ่มค่าจ้างประจํา,547,627,195,35,032.jpg,9
"819,100",1320,639,90,27,032.jpg,9
บาท,1416,641,50,22,032.jpg,9
,424,687,91,24,032.jpg,10
เงินเพิมการครองชีพชั่วคราวของลูกจ้างประจํา,547,676,415,43,032.jpg,10
"339,640",1321,687,89,28,032.jpg,10
บาท,1416,690,50,22,032.jpg,10
,424,736,91,24,032.jpg,11
เงินช่วยเหลือค่าครองชีพของลูกจ้างประจํา,547,729,383,39,032.jpg,11
"210,360",1320,737,90,27,032.jpg,11
บาท,1416,739,50,22,032.jpg,11
1.3 ค่าจ้างชัวคราว,339,775,186,35,032.jpg,12
"5,875,200",1144,785,113,28,032.jpg,12
บาท,1262,788,53,22,032.jpg,12
,424,834,91,24,032.jpg,13
ค่าจ้างชัวคราว 42 อัตรา,546,823,226,35,032.jpg,13
"4,280,180",1303,834,107,28,032.jpg,13
บาท,1416,837,50,22,032.jpg,13
,424,883,91,24,032.jpg,14
เงินเพิมการครองชีพชั่วคราวของลูกจ้างชัวคราว,547,872,424,43,032.jpg,14
"615,820",1320,884,90,27,032.jpg,14
บาท,1416,886,50,22,032.jpg,14
02103-1,424,933,91,25,032.jpg,15
เงินช่วยเหลือค่าครองชีพของลูกจ้างชั่วคราว,547,922,392,43,032.jpg,15
"979,200",1320,933,90,27,032.jpg,15
บาท,1416,935,50,22,032.jpg,15
1.4 ค่าตอบแทน ใช้สอยและวัสดุ,339,975,310,39,032.jpg,16
"559,835",1163,981,94,28,032.jpg,16
บาท,1262,984,53,22,032.jpg,16
03128-1,424,1031,91,25,032.jpg,17
เงินตอบแทนพิเศษของลูกจ้างประจํา,547,1025,331,38,032.jpg,17
"261,980",1320,1031,90,27,032.jpg,17
บาท,1416,1033,50,22,032.jpg,17
03217-1,424,1080,91,25,032.jpg,18
เงินสมทบกองทุนประกันสังคม,547,1075,277,37,032.jpg,18
"293,760",1320,1080,90,27,032.jpg,18
บาท,1416,1082,50,22,032.jpg,18
03611-1,424,1129,91,25,032.jpg,19
iad     1คาเครองแตงกาย,546,1118,161,35,032.jpg,19
"4,095",1345,1129,66,28,032.jpg,19
บาท,1416,1132,50,22,032.jpg,19
2. งบดําเนินงาน,317,1221,163,30,032.jpg,20
"3,268,691",1144,1226,112,29,032.jpg,20
บาท,1262,1229,53,22,032.jpg,20
2.1 ค่าตอบแทน ใช้สอยและวัสดุ,337,1270,312,39,032.jpg,21
"3,188,691",1144,1274,112,29,032.jpg,21
ขบาท,1262,1279,53,22,032.jpg,21
2.1.1 ค่าตอบแทน,377,1321,181,29,032.jpg,22
"1574,780",1146,1324,111,29,032.jpg,22
บาท,1262,1328,53,22,032.jpg,22
ค่าอาหารทําการนอกเวลา,546,1369,238,29,032.jpg,23
2.1.2 ค่าใช้สอย,377,1417,158,31,032.jpg,24
"86,540",1176,1422,81,29,032.jpg,24
บาท,1262,1426,53,22,032.jpg,24
ค่าซ่อมแซมยานพาหนะ,546,1467,218,29,032.jpg,25
ต์.ค่าซ่อมแซมครุภัณฑ์,546,1515,188,39,032.jpg,26
2.1.3 ค่าวัสดุ,377,1565,135,38,032.jpg,27
"1,527,371",1146,1570,110,28,032.jpg,27
บาท,1262,1573,53,22,032.jpg,27
iw ก  a    ow  ialคาว์สดุนามนเช้อเพลงและนามนหลอลน,546,1607,363,45,032.jpg,28
าวสดูสานกงานans,546,1664,159,37,032.jpg,29
0     a       Ssคาว์สดุเครองคอมพว เตอร์,546,1707,240,43,032.jpg,30
ค่าวัสดุยานพาหนะ,546,1762,176,37,032.jpg,31
,906,96,37,25,033.jpg,0
2.2 ค่าสาธารณูปโภค,337,240,207,39,033.jpg,1
"80,000",1176,245,81,28,033.jpg,1
บาท,1262,248,53,22,033.jpg,1
ค่าไฟฟ้า,546,287,83,31,033.jpg,2
ค่านําประปา,546,331,122,37,033.jpg,3
3. งบลงทุน,317,442,118,32,033.jpg,4
"360,020",1163,441,94,29,033.jpg,4
บาท,1262,444,53,22,033.jpg,4
"ม,นและสิงก่อสร้าง(๕=",340,480,275,43,033.jpg,5
"360,020",1163,489,94,29,033.jpg,5
ขบาท,1262,493,53,22,033.jpg,5
,340,534,114,39,033.jpg,6
"360,020",1163,538,94,29,033.jpg,6
บาท,1262,543,53,22,033.jpg,6
05101-3,424,589,93,25,033.jpg,7
"al   ซ,          1        a &(1) เครื่องปรับอากาศ แบบแยกส่วน (ราคารวมค่าติดตัง)",546,576,504,39,033.jpg,7
"oy                               alแบบตังพื้นหรือแบบแขวน ขนาด 26,000 Tiley 1 เครื่อง",576,625,500,45,033.jpg,8
"36,000",1334,639,76,27,033.jpg,8
บาท,1416,641,50,22,033.jpg,8
,424,687,91,24,033.jpg,9
"al     =      ow,    oy(2) เครื่องคอมพิวเตอร์ สําหรับงานสํานักงาน",546,676,403,37,033.jpg,9
(จอแสดงภาพขนาดไม่น็อยกว่า 19 นิว),575,723,354,39,033.jpg,10
พร้อมโปรแกรมระบบปฏิบัติการ (๐5),575,779,343,37,033.jpg,11
ฏหมายญูซ์.ทธิถูกต้องตามกแบบ GGWA ที่มีลิขสิ,576,823,401,43,033.jpg,12
al12 เคร่อง,577,872,94,35,033.jpg,13
"306,120",1321,884,89,27,033.jpg,13
บาท,1416,886,50,22,033.jpg,13
,424,933,92,24,033.jpg,14
al   a                        °   a(3) เครื่องพิมพ์เลเซอร์ หรือ LED ขาวดํา ชนิด Network,546,922,507,37,033.jpg,14
แบบที่ 1 (28 หน้า/นาที) 1 เครื่อง,576,971,308,37,033.jpg,15
"8,900",1345,982,66,27,033.jpg,15
บาท,1416,984,50,22,033.jpg,15
,424,1031,92,24,033.jpg,16
(4) โต๊ะทํางานรูปตัวแอล 1 ตัว,546,1025,278,38,033.jpg,16
"9,000",1345,1031,66,27,033.jpg,16
บาท,1416,1033,50,22,033.jpg,16
,906,98,37,24,034.jpg,0
งานกวาดทําความสะอาดที่และทางสาธารณะ,317,235,424,35,034.jpg,1
"54,800,253",1283,245,127,29,034.jpg,1
ขบาท,1415,248,52,22,034.jpg,1
1. งบบุคลากร,319,295,140,32,034.jpg,2
"42,471,735",1131,294,126,29,034.jpg,2
บาท,1262,297,53,22,034.jpg,2
1.1 เงินเดือน,347,338,130,30,034.jpg,3
"1,329,000",1146,343,111,28,034.jpg,3
ขบาท,1263,346,52,22,034.jpg,3
,432,393,91,24,034.jpg,4
อัตราเดิม 4 อัตรา,553,388,168,29,034.jpg,4
"1,249,800",1305,392,105,28,034.jpg,4
บาท,1423,395,50,22,034.jpg,4
,432,442,91,24,034.jpg,5
ao a 8.เงินนเลอนขน,554,429,116,37,034.jpg,5
"75,000",1333,442,77,27,034.jpg,5
บาท,1423,444,50,22,034.jpg,5
,432,491,91,24,034.jpg,6
เงินค่าตอบแทนรายเดือนของข้าราชการ,554,484,360,31,034.jpg,6
"4,200",1345,490,66,28,034.jpg,6
บาท,1423,493,50,22,034.jpg,6
1.2 ค่าจ้างประจํา,339,535,172,30,034.jpg,7
"31,475,850",1131,538,126,29,034.jpg,7
บาท,1262,543,53,22,034.jpg,7
,424,589,91,24,034.jpg,8
อัตราเดิม 142 อัตรา,546,584,192,29,034.jpg,8
"29,422,200",1290,589,120,28,034.jpg,8
บาท,1416,592,50,22,034.jpg,8
,424,638,91,24,034.jpg,9
เงินเพิ่มค่าจ้างประจํา,547,627,195,35,034.jpg,9
"1,228,650",1305,639,105,27,034.jpg,9
บาท,1416,641,50,22,034.jpg,9
,424,687,91,24,034.jpg,10
เงินเพิมการครองชีพชั่วคราวของลูกจ้างประจํา,547,676,415,43,034.jpg,10
"509,460",1320,687,90,28,034.jpg,10
บาท,1416,690,50,22,034.jpg,10
,424,736,91,24,034.jpg,11
เงินช่วยเหลือค่าครองชีพของลูกจ้างประจํา,547,729,383,39,034.jpg,11
"315,540",1321,736,89,28,034.jpg,11
บาท,1416,739,50,22,034.jpg,11
1.3 ค่าจ้างชัวคราว,339,775,186,35,034.jpg,12
"8,812,800",1144,785,113,28,034.jpg,12
บาท,1262,788,53,22,034.jpg,12
,424,834,91,24,034.jpg,13
ค่าจ้างชัวคราว 63 อัตรา,546,823,226,36,034.jpg,13
"6,420,270",1303,834,107,28,034.jpg,13
บาท,1416,837,50,22,034.jpg,13
,424,883,91,24,034.jpg,14
เงินเพิมการครองชีพชั่วคราวของลูกจ้างชัวคราว,547,872,424,43,034.jpg,14
"923,730",1320,884,90,27,034.jpg,14
บาท,1416,886,50,22,034.jpg,14
02103-1,424,933,91,25,034.jpg,15
เงินช่วยเหลือค่าครองชีพของลูกจ้างชั่วคราว,547,922,392,43,034.jpg,15
"1,468,800",1305,932,105,28,034.jpg,15
บาท,1416,935,50,22,034.jpg,15
1.4 ค่าตอบแทน ใช้สอยและวัสดุ,339,975,310,39,034.jpg,16
"854,085",1163,980,94,29,034.jpg,16
บาท,1262,984,53,22,034.jpg,16
03128-1,424,1031,91,25,034.jpg,17
เงินตอบแทนพิเศษของลูกจ้างประจํา,547,1025,331,38,034.jpg,17
"392,970",1321,1031,89,27,034.jpg,17
บาท,1416,1033,50,22,034.jpg,17
03217-1,424,1080,91,25,034.jpg,18
เงินสมทบกองทุนประกันสังคม,547,1075,277,37,034.jpg,18
"440,640",1320,1079,90,28,034.jpg,18
บาท,1416,1082,50,22,034.jpg,18
03611-1,424,1129,91,25,034.jpg,19
iad     1คาเครองแตงกาย,546,1118,161,35,034.jpg,19
"20,475",1333,1129,77,28,034.jpg,19
บาท,1416,1132,50,22,034.jpg,19
2. งบดําเนินงาน,317,1221,163,30,034.jpg,20
"12,328,518",1133,1227,124,28,034.jpg,20
บาท,1262,1229,53,22,034.jpg,20
2.1 ค่าตอบแทน ใช้สอยและวัสดุ,337,1270,312,39,034.jpg,21
"12,208,518",1133,1275,124,28,034.jpg,21
ขบาท,1262,1279,53,22,034.jpg,21
2.1.1 ค่าตอบแทน,377,1321,181,29,034.jpg,22
"6,299,120",1144,1324,113,29,034.jpg,22
บาท,1262,1328,53,22,034.jpg,22
ค่าอาหารทําการนอกเวลา,546,1369,238,29,034.jpg,23
2.1.2 ค่าใช้สอย,377,1417,158,31,034.jpg,24
"193,620",1165,1422,92,29,034.jpg,24
บาท,1262,1426,53,22,034.jpg,24
ค่าซ่อมแซมยานพาหนะ,546,1467,218,29,034.jpg,25
2.1.3 ค่าวัสดุ,377,1516,135,38,034.jpg,26
"5,715,778",1144,1521,113,28,034.jpg,26
บาท,1262,1524,53,22,034.jpg,26
iw ก  a    ow  alคาว์สดุนามนเช้อเพลงและนามนหลอลน,546,1558,363,45,034.jpg,27
ค่าวัสดุยานพาหนะ,546,1615,176,37,034.jpg,28
ค่าวัสดุในการรักษาความสะอาด,546,1663,290,38,034.jpg,29
ค่าวัสดุป้องกันอุบัติภัย,546,1712,204,38,034.jpg,30
"1,เคซี่.           aweค่าเครื่องแบบชุดปฏิบัติงาน",546,1756,251,43,034.jpg,31
,906,96,36,25,035.jpg,0
2.2 ค่าสาธารณูปโภค,337,240,207,39,035.jpg,1
"120,000",1165,245,92,28,035.jpg,1
บาท,1262,248,53,22,035.jpg,1
ค่าไฟฟ้า,546,287,83,31,035.jpg,2
ค่านําประปา,546,331,122,37,035.jpg,3
,906,98,37,24,036.jpg,0
งานเก็บขยะมูลฝอยและขนถ่ายสิ่งปฏิกูล,317,235,378,44,036.jpg,1
"91,270,331",1283,246,126,28,036.jpg,1
ขบาท,1415,248,52,22,036.jpg,1
1. งบบุคลากร,319,295,140,32,036.jpg,2
"70,864,030",1131,294,126,29,036.jpg,2
บาท,1262,297,53,22,036.jpg,2
1.1 เงินเดือน,339,338,131,30,036.jpg,3
"2215,000",1144,343,113,28,036.jpg,3
บาท,1262,346,53,22,036.jpg,3
,424,393,91,24,036.jpg,4
อัตราเดิม 6 อัตรา,546,388,167,29,036.jpg,4
"2,083,000",1303,393,107,27,036.jpg,4
บาท,1416,395,50,22,036.jpg,4
,424,442,91,24,036.jpg,5
ao a 8.เงินนเลอนขน,547,429,116,37,036.jpg,5
"125,000",1322,442,88,27,036.jpg,5
บาท,1416,444,50,22,036.jpg,5
,424,491,91,24,036.jpg,6
เงินค่าตอบแทนรายเดือนของข้าราชการ,547,484,360,31,036.jpg,6
"7,000",1345,491,66,27,036.jpg,6
บาท,1416,493,50,22,036.jpg,6
1.2 ค่าจ้างประจํา,339,535,172,30,036.jpg,7
"52,459,750",1131,538,126,29,036.jpg,7
บาท,1262,543,53,22,036.jpg,7
,424,589,91,24,036.jpg,8
อัตราเดิม 236 อัตรา,546,584,192,30,036.jpg,8
"49,037,000",1290,589,120,28,036.jpg,8
บาท,1416,592,50,22,036.jpg,8
,424,638,91,24,036.jpg,9
เงินเพิ่มค่าจ้างประจํา,547,627,195,35,036.jpg,9
"2,047,750",1303,638,107,28,036.jpg,9
บาท,1416,641,50,22,036.jpg,9
,424,687,91,24,036.jpg,10
เงินเพิมการครองชีพชั่วคราวของลูกจ้างประจํา,547,676,415,43,036.jpg,10
"849,100",1320,687,90,28,036.jpg,10
บาท,1416,690,50,22,036.jpg,10
,424,736,91,24,036.jpg,11
เงินช่วยเหลือค่าครองชีพของลูกจ้างประจํา,547,729,383,39,036.jpg,11
"525,900",1320,737,90,27,036.jpg,11
บาท,1416,739,50,22,036.jpg,11
1.3 ค่าจ้างชัวคราว,339,775,186,35,036.jpg,12
"14,688,000",1133,784,124,29,036.jpg,12
บาท,1262,788,53,22,036.jpg,12
,424,834,91,24,036.jpg,13
ค่าจ้างชัวคราว 105 อัตรา,546,823,238,35,036.jpg,13
"10,700,450",1292,834,118,28,036.jpg,13
บาท,1416,837,50,22,036.jpg,13
,424,883,91,24,036.jpg,14
เงินเพิมการครองชีพชั่วคราวของลูกจ้างชัวคราว,547,872,424,43,036.jpg,14
"1,539,550",1305,884,105,27,036.jpg,14
บาท,1416,886,50,22,036.jpg,14
02103-1,424,933,91,25,036.jpg,15
เงินช่วยเหลือค่าครองชีพของลูกจ้างชั่วคราว,547,922,392,43,036.jpg,15
"2,448,000",1303,932,107,28,036.jpg,15
บาท,1416,935,50,22,036.jpg,15
1.4 ค่าตอบแทน ใช้สอยและวัสดุ,339,975,310,39,036.jpg,16
"1,501,280",1146,981,111,28,036.jpg,16
บาท,1262,984,53,22,036.jpg,16
03128-1,424,1031,91,25,036.jpg,17
เงินตอบแทนพิเศษของลูกจ้างประจํา,547,1025,331,38,036.jpg,17
"654,950",1320,1030,90,28,036.jpg,17
บาท,1416,1033,50,22,036.jpg,17
03217-1,424,1080,91,25,036.jpg,18
เงินสมทบกองทุนประกันสังคม,547,1075,277,37,036.jpg,18
"734,400",1320,1079,90,28,036.jpg,18
บาท,1416,1082,50,22,036.jpg,18
03611-1,424,1129,91,25,036.jpg,19
iad     1คาเครองแตงกาย,546,1118,161,35,036.jpg,19
"111,930",1322,1130,88,27,036.jpg,19
บาท,1416,1132,50,22,036.jpg,19
2. งบดําเนินงาน,317,1221,163,30,036.jpg,20
"20,406,301",1131,1226,125,29,036.jpg,20
บาท,1262,1229,53,22,036.jpg,20
2.1 ค่าตอบแทน ใช้สอยและวัสดุ,337,1270,312,39,036.jpg,21
"20,206,301",1131,1274,125,29,036.jpg,21
ขบาท,1262,1279,53,22,036.jpg,21
2.1.1 ค่าตอบแทน,377,1321,181,29,036.jpg,22
"10,369,900",1133,1324,124,29,036.jpg,22
บาท,1262,1328,53,22,036.jpg,22
ค่าอาหารทําการนอกเวลา,546,1369,238,29,036.jpg,23
1           vow alค่าตอบแทนเจ้าหน้าทีเก็บขนมูลฝอย,546,1412,328,43,036.jpg,24
1    vow al  2ค่าตอบแทนเจ้าหน้าทิเก็บขนสิงปฏิกูล,546,1461,341,43,036.jpg,25
1         vow ad a    2 ../2           eyค่าตอบแทนเจ้าหน้าทิเก็บขนสิงปฏิกูล ประเภทไขมัน,546,1511,473,43,036.jpg,26
2.1.2 ค่าใช้สอย,377,1564,158,31,036.jpg,27
"387,240",1163,1569,94,29,036.jpg,27
บาท,1262,1573,53,22,036.jpg,27
ค่าซ่อมแซมยานพาหนะ,546,1615,218,29,036.jpg,28
,906,97,37,24,037.jpg,0
2.1.3 ค่าวัสดุ,377,240,135,38,037.jpg,1
"9,449,161",1144,244,112,29,037.jpg,1
บาท,1262,248,53,22,037.jpg,1
iw ก  a    ow  alคาว์สดุนามนเช้อเพลงและนามนหลอลน,546,281,363,45,037.jpg,2
ค่าวัสดุยานพาหนะ,546,339,176,37,037.jpg,3
ค่าวัสดุป้องกันอุบัติภัย,546,387,204,38,037.jpg,4
ค่าวัสดุอุปกรณ์ในการขนถ่ายสิงปฏิกูล,546,431,342,43,037.jpg,5
iad           aweค่าเครื่องแบบชุดปฏิบัติงาน,546,480,251,43,037.jpg,6
2.2 ค่าสาธารณูปโภค,337,535,207,39,037.jpg,7
"200,000",1163,539,94,28,037.jpg,7
บาท,1262,543,53,22,037.jpg,7
ค่าไฟฟ้า,546,582,83,31,037.jpg,8
ค่านําประปา,546,625,122,37,037.jpg,9
,906,98,36,24,038.jpg,0
ada aงานดูแลสวนและพนทสเขยว,317,233,277,46,038.jpg,1
"24,271,880",1283,245,127,29,038.jpg,1
ขบาท,1415,248,52,22,038.jpg,1
1. งบบุคลากร,319,295,140,32,038.jpg,2
"13,508,980",1133,295,124,28,038.jpg,2
บาท,1262,297,53,22,038.jpg,2
1.1 เงินเดือน,347,338,130,30,038.jpg,3
"885,500",1163,343,94,28,038.jpg,3
ขบาท,1270,346,53,22,038.jpg,3
,432,393,91,24,038.jpg,4
อัตราเดิม 2 อัตรา,553,388,168,29,038.jpg,4
"835,400",1320,392,90,28,038.jpg,4
บาท,1423,395,50,22,038.jpg,4
,432,442,91,24,038.jpg,5
ao a 8.เงินนเลอนขน,554,429,116,37,038.jpg,5
"50,100",1333,442,77,27,038.jpg,5
บาท,1423,444,50,22,038.jpg,5
1.2 ค่าจ้างประจํา,339,485,172,30,038.jpg,6
"10,229,800",1133,490,124,28,038.jpg,6
บาท,1262,493,53,22,038.jpg,6
,424,540,91,24,038.jpg,7
อัตราเดิม 45 อัตรา,546,535,180,29,038.jpg,7
"9,509,500",1303,541,107,27,038.jpg,7
บาท,1416,543,50,22,038.jpg,7
,424,589,91,24,038.jpg,8
เงินเพิ่มค่าจ้างประจํา,547,578,195,35,038.jpg,8
"570,600",1320,590,90,27,038.jpg,8
บาท,1416,592,50,22,038.jpg,8
,424,638,91,24,038.jpg,9
เงินเพิมการครองชีพชั่วคราวของลูกจ้างประจํา,547,627,415,43,038.jpg,9
"110,900",1322,639,88,27,038.jpg,9
บาท,1416,641,50,22,038.jpg,9
,424,687,91,24,038.jpg,10
เงินช่วยเหลือค่าครองชีพของลูกจ้างประจํา,547,680,383,39,038.jpg,10
"38,800",1334,688,76,27,038.jpg,10
บาท,1416,690,50,22,038.jpg,10
1.3 ค่าจ้างชัวคราว,339,726,186,35,038.jpg,11
"2,160,080",1144,735,113,29,038.jpg,11
บาท,1262,739,53,22,038.jpg,11
,424,785,91,24,038.jpg,12
ค่าจ้างชัวคราว 15 อัตรา,546,774,226,35,038.jpg,12
"1,572,800",1305,786,105,27,038.jpg,12
บาท,1416,788,50,22,038.jpg,12
,424,834,91,24,038.jpg,13
เงินเพิมการครองชีพชั่วคราวของลูกจ้างชัวคราว,547,823,424,43,038.jpg,13
"227,280",1320,835,90,27,038.jpg,13
บาท,1416,837,50,22,038.jpg,13
02103-1,424,883,91,25,038.jpg,14
เงินช่วยเหลือค่าครองชีพของลูกจ้างชั่วคราว,547,872,392,43,038.jpg,14
"360,000",1321,884,89,27,038.jpg,14
บาท,1416,886,50,22,038.jpg,14
1.4 ค่าตอบแทน ใช้สอยและวัสดุ,339,926,310,39,038.jpg,15
"233,600",1163,931,94,29,038.jpg,15
บาท,1262,935,53,22,038.jpg,15
03128-1,424,982,91,25,038.jpg,16
เงินตอบแทนพิเศษของลูกจ้างประจํา,547,976,331,38,038.jpg,16
"100,900",1322,982,88,27,038.jpg,16
บาท,1416,984,50,22,038.jpg,16
03217-1,424,1031,91,25,038.jpg,17
เงินสมทบกองทุนประกันสังคม,547,1026,277,37,038.jpg,17
"108,000",1322,1031,88,27,038.jpg,17
บาท,1416,1033,50,22,038.jpg,17
03611-1,424,1080,91,25,038.jpg,18
1เคซี่.     1คาเครองแตงกาย,546,1069,161,35,038.jpg,18
"24,700",1333,1079,77,28,038.jpg,18
บาท,1416,1082,50,22,038.jpg,18
2. งบดําเนินงาน,317,1165,163,30,038.jpg,19
"10,064,800",1133,1170,124,29,038.jpg,19
บาท,1262,1173,53,22,038.jpg,19
2.1 ค่าตอบแทน ใช้สอยและวัสดุ,337,1214,312,39,038.jpg,20
"9,913,100",1144,1219,113,28,038.jpg,20
ขบาท,1262,1223,53,22,038.jpg,20
2.1.1 ค่าตอบแทน,377,1265,181,29,038.jpg,21
"708,300",1163,1269,94,28,038.jpg,21
บาท,1262,1272,53,22,038.jpg,21
ค่าอาหารทําการนอกเวลา,546,1313,238,29,038.jpg,22
2.1.2 ค่าใช้สอย,377,1361,158,31,038.jpg,23
"5,211,400",1144,1366,113,29,038.jpg,23
บาท,1262,1370,53,22,038.jpg,23
ค่าซ่อมแซมยานพาหนะ,546,1411,218,29,038.jpg,24
 ไค.         alow           aคาซอมแซมเครองจักรกลและเครองทุนแรง,546,1454,387,43,038.jpg,25
ค่าจ้างเหมาดูแลทรัพย์สินและรักษาความปลอดภัย,546,1508,451,39,038.jpg,26
2.1.3 ค่าวัสดุ,377,1558,135,38,038.jpg,27
"3,993,400",1144,1562,113,29,038.jpg,27
บาท,1262,1566,53,22,038.jpg,27
๓ลใจค๓!   ie ก  a    ow  ialส่วนใหญ่เป็นค่าวัสดุนํามันเชื่อเพลิงและนํามันหล่อลื่น,546,1600,478,45,038.jpg,28
ค่าวัสดุยานพาหนะ,546,1657,176,37,038.jpg,29
ค่าวัสดุอุปกรณ์ในการปลูกและบํารุงรักษาต้นไม้,546,1704,428,39,038.jpg,30
1เคซี่.           aweค่าเครื่องแบบชุดปฏิบัติงาน ฯลฯ,546,1749,295,43,038.jpg,31
,906,97,37,25,039.jpg,0
2.2 ค่าสาธารณูปโภค,337,240,207,39,039.jpg,1
"151,700",1165,245,92,28,039.jpg,1
บาท,1262,248,53,22,039.jpg,1
ค่าไฟฟ้า,546,287,83,31,039.jpg,2
ค่านําประปา,546,331,122,37,039.jpg,3
3. งบรายจ่ายอิน,317,429,166,35,039.jpg,4
"698,100",1163,439,94,29,039.jpg,4
um,1263,440,58,24,039.jpg,4
,424,491,91,24,039.jpg,5
"1,    ๑    ee    ะ.      ad daaคา.ชจายเนการบารุงรกษา ปรับปรุง และเพมพนท์สเขยว",546,478,510,45,039.jpg,5
"698,100",1320,491,90,27,039.jpg,5
บาท,1416,493,50,22,039.jpg,5
,906,97,36,25,040.jpg,0
งานบริหารทัวไปและสอบสวนดําเนินคดี,317,235,376,35,040.jpg,1
"29,396,350",1283,245,127,29,040.jpg,1
ขบาท,1415,248,52,22,040.jpg,1
1. งบบุคลากร,319,295,140,32,040.jpg,2
"19,877,250",1133,295,124,28,040.jpg,2
บาท,1262,297,53,22,040.jpg,2
1.1 เงินเดือน,339,338,131,30,040.jpg,3
"2939,720",1144,343,113,28,040.jpg,3
บาท,1262,346,53,22,040.jpg,3
,424,393,91,24,040.jpg,4
อัตราเดิม 7 อัตรา,546,388,167,29,040.jpg,4
"2,757,480",1303,392,107,28,040.jpg,4
บาท,1416,395,50,22,040.jpg,4
,424,442,91,24,040.jpg,5
ao a 8.เงินนเลอนขน,547,429,116,37,040.jpg,5
"165,440",1322,441,88,28,040.jpg,5
บาท,1416,444,50,22,040.jpg,5
,424,491,91,24,040.jpg,6
เงินค่าตอบแทนรายเดือนของข้าราชการ,547,484,360,31,040.jpg,6
"16,800",1335,491,75,27,040.jpg,6
บาท,1416,493,50,22,040.jpg,6
1.2 ค่าจ้างประจํา,339,535,172,30,040.jpg,7
"13,844,600",1133,538,124,29,040.jpg,7
บาท,1262,543,53,22,040.jpg,7
,424,589,91,24,040.jpg,8
อัตราเดิม 64 อัตรา,546,584,180,29,040.jpg,8
"12,381,560",1292,590,118,27,040.jpg,8
บาท,1416,592,50,22,040.jpg,8
,424,638,91,24,040.jpg,9
เงินเพิ่มค่าจ้างประจํา,547,627,195,35,040.jpg,9
"182,720",1320,639,90,27,040.jpg,9
บาท,1416,641,50,22,040.jpg,9
,424,687,91,24,040.jpg,10
เงินเพิมการครองชีพชั่วคราวของลูกจ้างประจํา,547,676,415,43,040.jpg,10
"418,360",1320,687,90,28,040.jpg,10
บาท,1416,690,50,22,040.jpg,10
,424,736,91,24,040.jpg,11
เงินช่วยเหลือค่าครองชีพของลูกจ้างประจํา,547,729,383,39,040.jpg,11
"261,960",1320,737,90,27,040.jpg,11
บาท,1416,739,50,22,040.jpg,11
1.3 ค่าจ้างชัวคราว,339,775,186,35,040.jpg,12
"2880,000",1144,785,113,28,040.jpg,12
บาท,1262,788,53,22,040.jpg,12
,424,834,91,24,040.jpg,13
ค่าจ้างชัวคราว 20 อัตรา,546,823,226,35,040.jpg,13
"2,089,000",1303,835,107,27,040.jpg,13
บาท,1416,837,50,22,040.jpg,13
,424,883,91,24,040.jpg,14
เงินเพิมการครองชีพชั่วคราวของลูกจ้างชัวคราว,547,872,424,43,040.jpg,14
"311,000",1321,884,89,27,040.jpg,14
บาท,1416,886,50,22,040.jpg,14
02103-1,424,933,91,25,040.jpg,15
เงินช่วยเหลือค่าครองชีพของลูกจ้างชั่วคราว,547,922,392,43,040.jpg,15
"480,000",1320,932,90,28,040.jpg,15
บาท,1416,935,50,22,040.jpg,15
1.4 ค่าตอบแทน ใช้สอยและวัสดุ,339,975,310,39,040.jpg,16
"212,930",1163,981,94,28,040.jpg,16
บาท,1262,984,53,22,040.jpg,16
03217-1,424,1031,91,25,040.jpg,17
เงินสมทบกองทุนประกันสังคม,547,1026,277,37,040.jpg,17
"144,000",1322,1030,88,28,040.jpg,17
บาท,1416,1033,50,22,040.jpg,17
03611-1,424,1080,91,25,040.jpg,18
1เคซี่.     1คาเครองแตงกาย,546,1069,161,35,040.jpg,18
"68,930",1333,1080,77,27,040.jpg,18
บาท,1416,1082,50,22,040.jpg,18
2. งบดําเนินงาน,317,1169,163,30,040.jpg,19
"9,227,130",1144,1175,113,28,040.jpg,19
บาท,1262,1177,53,22,040.jpg,19
ค่าตอบแทน ใช้สอยและวัสดุ,340,1217,272,39,040.jpg,20
"9,227,130",1144,1223,113,28,040.jpg,20
ขบาท,1262,1226,53,22,040.jpg,20
2.1 ค่าตอบแทน,340,1268,162,29,040.jpg,21
"1,355,780",1146,1272,111,28,040.jpg,21
ขบาท,1263,1275,52,22,040.jpg,21
ค่าอาหารทําการนอกเวลา,546,1317,238,29,040.jpg,22
2.2 ค่าใช้สอย,340,1364,139,31,040.jpg,23
"7,530,375",1144,1370,113,28,040.jpg,23
ขบาท,1263,1373,52,22,040.jpg,23
ค่าซ่อมแซมยานพาหนะ,546,1415,218,29,040.jpg,24
ต์.ค่าซ่อมแซมครุภัณฑ์,546,1462,188,39,040.jpg,25
ค่าจ้างเหมาดูแลทรัพย์สินและรักษาความปลอดภัย,546,1511,451,39,040.jpg,26
,340,1562,116,38,040.jpg,27
"340,975",1163,1566,94,29,040.jpg,27
ขบาท,1263,1570,52,22,040.jpg,27
tw ก  a    ow  alคาว์สดุนามนเช้อเพลงและนามนหลอลน,546,1603,363,45,040.jpg,28
าวสดูสานกงานans,546,1660,159,37,040.jpg,29
0     ซ่       2.คาว์สดุเครองคอมพว เตอร์,546,1703,240,43,040.jpg,30
ค่าวัสดุยานพาหนะ,546,1758,176,37,040.jpg,31
,906,96,38,25,041.jpg,0
3. งบลงทุน,317,246,118,32,041.jpg,1
"291,970",1163,246,94,28,041.jpg,1
บาท,1262,248,53,22,041.jpg,1
"»,นและสิงก่อสร้าง(๕1",340,284,275,43,041.jpg,2
"291,970",1163,294,94,28,041.jpg,2
บาท,1262,297,53,22,041.jpg,2
,340,337,114,39,041.jpg,3
"291,970",1163,343,94,28,041.jpg,3
บาท,1262,346,53,22,041.jpg,3
05105-3,424,393,93,25,041.jpg,4
"al     a      ow,    oy(1) เครื่องคอมพิวเตอร์ สําหรับงานสํานักงาน",546,382,403,37,041.jpg,4
(จอแสดงภาพขนาดไม่น็อยกว่า 19 นิว),575,429,354,39,041.jpg,5
พร้อมโปรแกรมระบบปฏิบัติการ (๐5),575,485,343,37,041.jpg,6
ฏหมายAซ์.ทธิถูกต้องตามกแบบ GGWA ที่มีลิขสิ,576,529,401,43,041.jpg,7
al7 เครอง,575,578,84,35,041.jpg,8
"178,570",1322,590,88,27,041.jpg,8
บาท,1416,592,50,22,041.jpg,8
,424,638,92,24,041.jpg,9
"al   ซ่,          A        a ว(2) เครื่องปรับอากาศ แบบแยกส่วน (ราคารวมค่าติดตัง)",546,625,504,39,041.jpg,9
"ge                               alแบบตังพื้นหรือแบบแขวน ขนาด 15,000 ปีทียู 1 เครื่อง",576,674,500,45,041.jpg,10
"25,900",1333,688,77,27,041.jpg,10
บาท,1416,690,50,22,041.jpg,10
05203-2,424,736,92,25,041.jpg,11
al    1                    aa             °(3) เครื่องถ่ายเอกสาร ระบบดิจิตอล (ขาว-ดํา),546,725,416,37,041.jpg,11
“        alความเร็ว 20 แผ่นต่อนาที 1 เครื่อง,575,775,315,35,041.jpg,12
"87,500",1333,786,77,27,041.jpg,12
บาท,1416,788,50,22,041.jpg,12
,906,97,37,25,042.jpg,0
งานตรวจและบังคับใช้กฎหมาย,317,239,297,39,042.jpg,1
"43,185,320",1283,245,127,29,042.jpg,1
ขบาท,1415,248,52,22,042.jpg,1
1. งบบุคลากร,319,295,140,32,042.jpg,2
"30,332 850",1131,295,126,28,042.jpg,2
บาท,1262,297,53,22,042.jpg,2
1.1 เงินเดือน,347,338,130,30,042.jpg,3
"4,409,580",1144,342,113,29,042.jpg,3
ขบาท,1263,346,52,22,042.jpg,3
,432,393,91,24,042.jpg,4
อัตราเดิม 12 อัตรา,553,388,180,29,042.jpg,4
"4,136,220",1303,392,107,28,042.jpg,4
บาท,1423,395,50,22,042.jpg,4
,432,442,91,24,042.jpg,5
ao a 8.เงินนเลอนขน,554,429,116,37,042.jpg,5
"248,160",1320,441,90,28,042.jpg,5
บาท,1423,444,50,22,042.jpg,5
,432,491,91,24,042.jpg,6
เงินค่าตอบแทนรายเดือนของข้าราชการ,554,484,360,31,042.jpg,6
"25,200",1333,491,77,27,042.jpg,6
บาท,1423,493,50,22,042.jpg,6
1.2 ค่าจ้างประจํา,339,535,172,30,042.jpg,7
"20,766,900",1131,538,126,29,042.jpg,7
บาท,1262,543,53,22,042.jpg,7
,424,589,91,24,042.jpg,8
อัตราเดิม 96 อัตรา,546,584,180,29,042.jpg,8
"18,572,340",1292,589,118,28,042.jpg,8
บาท,1416,592,50,22,042.jpg,8
,424,638,91,24,042.jpg,9
เงินเพิ่มค่าจ้างประจํา,547,627,195,35,042.jpg,9
"1,174,080",1305,638,105,28,042.jpg,9
บาท,1416,641,50,22,042.jpg,9
,424,687,91,24,042.jpg,10
เงินเพิมการครองชีพชั่วคราวของลูกจ้างประจํา,547,676,415,43,042.jpg,10
"627,540",1320,687,90,28,042.jpg,10
บาท,1416,690,50,22,042.jpg,10
,424,736,91,24,042.jpg,11
เงินช่วยเหลือค่าครองชีพของลูกจ้างประจํา,547,729,383,39,042.jpg,11
"392,940",1321,736,89,28,042.jpg,11
บาท,1416,739,50,22,042.jpg,11
1.3 ค่าจ้างชัวคราว,339,775,186,35,042.jpg,12
"4,320,000",1144,784,113,29,042.jpg,12
บาท,1262,788,53,22,042.jpg,12
,424,834,91,24,042.jpg,13
ค่าจ้างชั่วคราว 30 อัตรา,546,823,226,36,042.jpg,13
"3,133,500",1304,835,106,27,042.jpg,13
บาท,1416,837,50,22,042.jpg,13
,424,883,91,24,042.jpg,14
เงินเพิมการครองชีพชั่วคราวของลูกจ้างชัวคราว,547,872,424,43,042.jpg,14
"466,500",1320,883,90,28,042.jpg,14
บาท,1416,886,50,22,042.jpg,14
02103-1,424,933,91,25,042.jpg,15
เงินช่วยเหลือค่าครองชีพของลูกจ้างชั่วคราว,547,922,392,43,042.jpg,15
"720,000",1320,933,90,27,042.jpg,15
บาท,1416,935,50,22,042.jpg,15
1.4 ค่าตอบแทน ใช้สอยและวัสดุ,339,975,310,39,042.jpg,16
"836,370",1163,980,94,29,042.jpg,16
บาท,1262,984,53,22,042.jpg,16
03217-1,424,1031,91,25,042.jpg,17
เงินสมทบกองทุนประกันสังคม,547,1026,277,37,042.jpg,17
"216,000",1320,1031,90,27,042.jpg,17
บาท,1416,1033,50,22,042.jpg,17
03611-1,424,1080,91,25,042.jpg,18
1เคซี่.     1คาเครองแตงกาย,546,1069,161,35,042.jpg,18
"620,370",1320,1080,90,27,042.jpg,18
บาท,1416,1082,50,22,042.jpg,18
2. งบดําเนินงาน,317,1172,163,30,042.jpg,19
"12,852,470",1133,1177,124,29,042.jpg,19
บาท,1262,1180,53,22,042.jpg,19
ค่าตอบแทน ใช้สอยและวัสดุ,340,1221,272,39,042.jpg,20
"12,852,470",1133,1225,124,29,042.jpg,20
บาท,1262,1230,53,22,042.jpg,20
2.1 ค่าตอบแทน,340,1272,162,29,042.jpg,21
"12,215,020",1133,1275,124,28,042.jpg,21
ขบาท,1263,1279,52,22,042.jpg,21
ค่าอาหารทําการนอกเวลา,546,1320,238,29,042.jpg,22
กค่าเบียประชุม,546,1361,133,45,042.jpg,23
2.2 ค่าใช้สอย,340,1417,139,31,042.jpg,24
"181,925",1165,1423,92,28,042.jpg,24
ขบาท,1263,1426,52,22,042.jpg,24
ค่าซ่อมแซมยานพาหนะ,546,1467,218,29,042.jpg,25
,340,1516,116,38,042.jpg,26
"455,525",1163,1520,94,29,042.jpg,26
ขบาท,1263,1524,52,22,042.jpg,26
iw ก  a    ow  alคาว์สดุนามนเช้อเพลงและนามนหลอลน,546,1558,363,45,042.jpg,27
ค่าวัสดุยานพาหนะ,546,1615,176,37,042.jpg,28
,906,97,37,25,043.jpg,0
งานบริหารทัวไปฝ่ายโยธา,317,235,248,35,043.jpg,1
"1,525,560",1298,245,112,29,043.jpg,1
บาท,1415,248,53,22,043.jpg,1
1. งบบุคลากร,319,295,140,32,043.jpg,2
"1,213,460",1146,294,111,29,043.jpg,2
บาท,1262,297,53,22,043.jpg,2
1.1 เงินเดือน,339,338,131,30,043.jpg,3
"615,480",1163,342,94,29,043.jpg,3
บาท,1262,346,53,22,043.jpg,3
,424,393,91,24,043.jpg,4
อัตราเดิม 2 อัตรา,546,388,167,29,043.jpg,4
"550,040",1320,392,90,28,043.jpg,4
บาท,1416,395,50,22,043.jpg,4
,424,442,91,24,043.jpg,5
ao a 8.เงินนเลอนขน,547,429,116,37,043.jpg,5
"33,000",1334,442,76,27,043.jpg,5
บาท,1416,444,50,22,043.jpg,5
,424,491,91,24,043.jpg,6
เงินประจําตําแหน่ง,547,486,177,29,043.jpg,6
"13,440",1335,490,75,28,043.jpg,6
บาท,1416,493,50,22,043.jpg,6
,424,540,91,24,043.jpg,7
เงินค่าตอบแทนรายเดือนของข้าราชการ,547,533,360,31,043.jpg,7
"13,440",1335,540,75,28,043.jpg,7
บาท,1416,543,50,22,043.jpg,7
,424,589,91,24,043.jpg,8
เงินเพิมการครองชีพชั่วคราวของข้าราชการ,547,578,388,35,043.jpg,8
"3,200",1346,590,65,27,043.jpg,8
บาท,1416,592,50,22,043.jpg,8
,424,638,91,24,043.jpg,9
เงินช่วยเหลือค่าครองชีพของข้าราชการ,547,631,356,31,043.jpg,9
"2,360",1345,639,66,27,043.jpg,9
บาท,1416,641,50,22,043.jpg,9
1.2 ค่าจ้างประจํา,339,682,172,30,043.jpg,10
"485,020",1163,685,94,29,043.jpg,10
บาท,1262,690,53,22,043.jpg,10
,424,736,91,24,043.jpg,11
อัตราเดิม 3 อัตรา,546,731,167,30,043.jpg,11
"457,200",1320,736,90,28,043.jpg,11
บาท,1416,739,50,22,043.jpg,11
,424,785,91,24,043.jpg,12
เงินเพิ่มค่าจ้างประจํา,547,774,195,35,043.jpg,12
"21,900",1333,786,77,27,043.jpg,12
บาท,1416,788,50,22,043.jpg,12
,424,834,91,24,043.jpg,13
เงินเพิมการครองชีพชัวคราวของลูกจ้างประจํา,547,823,415,43,043.jpg,13
"4,900",1345,834,66,28,043.jpg,13
บาท,1416,837,50,22,043.jpg,13
,424,883,91,24,043.jpg,14
เงินช่วยเหลือค่าครองชีพของลูกจ้างประจํา,547,876,383,39,043.jpg,14
"1,020",1347,884,64,27,043.jpg,14
บาท,1416,886,50,22,043.jpg,14
1.3 ค่าจ้างชัวคราว,339,922,186,35,043.jpg,15
"86,400",1176,931,81,29,043.jpg,15
บาท,1262,935,53,22,043.jpg,15
,424,982,91,24,043.jpg,16
ค่าจ้างชัวคราว 1 อัตรา,546,971,214,35,043.jpg,16
"62,560",1333,982,77,27,043.jpg,16
บาท,1416,984,50,22,043.jpg,16
,424,1031,91,24,043.jpg,17
เงินเพิมการครองชีพชั่วคราวของลูกจ้างชัวคราว,547,1020,424,43,043.jpg,17
"9,440",1345,1030,66,28,043.jpg,17
บาท,1416,1033,50,22,043.jpg,17
02103-1,424,1080,91,25,043.jpg,18
เงินช่วยเหลือค่าครองชีพของลูกจ้างชั่วคราว,547,1069,392,43,043.jpg,18
"14,400",1335,1079,75,28,043.jpg,18
บาท,1416,1082,50,22,043.jpg,18
1.4 ค่าตอบแทน ใช้สอยและวัสดุ,339,1123,310,39,043.jpg,19
"26,560",1176,1127,81,29,043.jpg,19
บาท,1262,1132,53,22,043.jpg,19
03128-1,424,1178,91,25,043.jpg,20
เงินตอบแทนพิเศษของลูกจ้างประจํา,547,1172,331,38,043.jpg,20
"4,040",1345,1178,66,28,043.jpg,20
บาท,1416,1181,50,22,043.jpg,20
03217-1,424,1227,91,25,043.jpg,21
เงินสมทบกองทุนประกันสังคม,547,1222,277,37,043.jpg,21
"4,320",1345,1227,66,28,043.jpg,21
บาท,1416,1230,50,22,043.jpg,21
03611-1,424,1276,91,25,043.jpg,22
1เคซี่.     1คาเครองแตงกาย,546,1265,161,35,043.jpg,22
"18,200",1335,1277,75,27,043.jpg,22
บาท,1416,1279,50,22,043.jpg,22
2. งบดําเนินงาน,317,1369,163,30,043.jpg,23
"236,000",1163,1374,94,29,043.jpg,23
บาท,1262,1377,53,22,043.jpg,23
ค่าตอบแทน ใช้สอยและวัสดุ,340,1417,272,39,043.jpg,24
"236,000",1163,1422,94,29,043.jpg,24
ขบาท,1262,1426,53,22,043.jpg,24
2.1 ค่าใช้สอย,340,1466,139,31,043.jpg,25
"53,400",1176,1471,81,29,043.jpg,25
ขบาท,1263,1475,52,22,043.jpg,25
ค่าซ่อมแซมยานพาหนะ,546,1517,218,29,043.jpg,26
ต์.ค่าซ่อมแซมครุภัณฑ์,546,1564,188,39,043.jpg,27
,340,1614,116,38,043.jpg,28
"182,600",1165,1618,92,29,043.jpg,28
ขบาท,1263,1622,52,22,043.jpg,28
iw ก  a    ow  ialคาว์สดุนามนเช้อเพลงและนามนหลอลน,546,1656,363,45,043.jpg,29
าวสดูสานกงานans,546,1713,159,37,043.jpg,30
"1,     ey       Ssคาว์สดุเครองคอมพว เตอร์",546,1756,240,43,043.jpg,31
,906,96,37,25,044.jpg,0
3. งบลงทุน,317,246,118,32,044.jpg,1
"76,100",1176,245,81,29,044.jpg,1
บาท,1262,248,53,22,044.jpg,1
"»,นและสิงก่อสร้าง(๕1",340,284,275,43,044.jpg,2
"76,100",1176,293,81,29,044.jpg,2
บาท,1262,297,53,22,044.jpg,2
,340,337,114,39,044.jpg,3
"76,100",1176,342,81,29,044.jpg,3
บาท,1262,346,53,22,044.jpg,3
,424,393,91,24,044.jpg,4
"al   ซ,          1        a &(1) เครื่องปรับอากาศ แบบแยกส่วน (ราคารวมค่าติดตัง)",546,380,504,39,044.jpg,4
"ge                               alแบบตังพื้นหรือแบบแขวน ขนาด 15,000 ปีทียู 1 เครื่อง",576,429,500,45,044.jpg,5
"25,900",1333,442,77,27,044.jpg,5
บาท,1416,444,50,22,044.jpg,5
,424,491,92,24,044.jpg,6
(2) ตู้เหล็ก แบบ 2 บาน5 ตู้,546,483,263,40,044.jpg,6
"29,500",1333,491,77,27,044.jpg,6
บาท,1416,493,50,22,044.jpg,6
,424,540,91,24,044.jpg,7
(3) ตู้เหล็ก แบบ 4 ลินชัก 3 ตู้,546,527,277,45,044.jpg,7
"20,700",1333,541,77,27,044.jpg,7
บาท,1416,543,50,22,044.jpg,7
,906,96,36,25,045.jpg,0
งานอนุญาตก่อสร้าง ควบคุมอาคารและผังเมือง,317,240,444,38,045.jpg,1
"2,390,520",1296,246,114,28,045.jpg,1
ขบาท,1415,248,52,22,045.jpg,1
1. งบบุคลากร,319,295,140,32,045.jpg,2
"2390,520",1144,295,113,28,045.jpg,2
บาท,1262,297,53,22,045.jpg,2
1.1 เงินเดือน,347,338,130,30,045.jpg,3
"1,230,960",1146,342,111,29,045.jpg,3
ขบาท,1263,346,52,22,045.jpg,3
,432,393,91,24,045.jpg,4
อัตราเดิม 6 อัตรา,553,388,168,29,045.jpg,4
"1,100,080",1305,393,105,27,045.jpg,4
บาท,1423,395,50,22,045.jpg,4
,432,442,91,24,045.jpg,5
ao a 8.เงินนเลอนขน,554,429,116,37,045.jpg,5
"66,000",1333,442,77,27,045.jpg,5
บาท,1423,444,50,22,045.jpg,5
,432,491,91,24,045.jpg,6
เงินประจําตําแหน่ง,554,486,177,29,045.jpg,6
"26,880",1333,491,77,27,045.jpg,6
บาท,1423,493,50,22,045.jpg,6
,432,540,91,24,045.jpg,7
เงินค่าตอบแทนรายเดือนของข้าราชการ,554,533,360,31,045.jpg,7
"26,880",1333,541,77,27,045.jpg,7
บาท,1423,543,50,22,045.jpg,7
,432,589,91,24,045.jpg,8
เงินเพิมการครองชีพชั่วคราวของข้าราชการ,554,578,389,35,045.jpg,8
"6,400",1345,589,66,28,045.jpg,8
บาท,1423,592,50,22,045.jpg,8
,432,638,91,24,045.jpg,9
เงินช่วยเหลือค่าครองชีพของข้าราชการ,554,631,356,31,045.jpg,9
"4,720",1345,638,66,28,045.jpg,9
บาท,1423,641,50,22,045.jpg,9
1.2 ค่าจ้างประจํา,339,682,172,30,045.jpg,10
"970,040",1163,685,94,29,045.jpg,10
บาท,1262,690,53,22,045.jpg,10
,424,736,91,24,045.jpg,11
อัตราเดิม 4 อัตรา,546,731,167,29,045.jpg,11
"914,400",1320,736,90,28,045.jpg,11
บาท,1416,739,50,22,045.jpg,11
,424,785,91,24,045.jpg,12
เงินเพิ่มค่าจ้างประจํา,547,774,195,35,045.jpg,12
"43,800",1333,785,77,28,045.jpg,12
บาท,1416,788,50,22,045.jpg,12
,424,834,91,24,045.jpg,13
เงินเพิมการครองชีพชัวคราวของลูกจ้างประจํา,547,823,415,43,045.jpg,13
"9,800",1345,835,66,27,045.jpg,13
บาท,1416,837,50,22,045.jpg,13
,424,883,91,24,045.jpg,14
เงินช่วยเหลือค่าครองชีพของลูกจ้างประจํา,547,876,383,39,045.jpg,14
"2,040",1345,883,66,28,045.jpg,14
บาท,1416,886,50,22,045.jpg,14
1.3 ค่าจ้างชัวคราว,339,922,186,35,045.jpg,15
"172,800",1165,932,92,28,045.jpg,15
บาท,1262,935,53,22,045.jpg,15
,424,982,91,24,045.jpg,16
ค่าจ้างชัวคราว 1 อัตรา,546,971,214,35,045.jpg,16
"125,120",1322,982,88,27,045.jpg,16
บาท,1416,984,50,22,045.jpg,16
,424,1031,91,24,045.jpg,17
เงินเพิมการครองชีพชั่วคราวของลูกจ้างชัวคราว,547,1020,424,43,045.jpg,17
"18,880",1335,1031,75,27,045.jpg,17
บาท,1416,1033,50,22,045.jpg,17
02103-1,424,1080,91,25,045.jpg,18
เงินช่วยเหลือค่าครองชีพของลูกจ้างชั่วคราว,547,1069,392,43,045.jpg,18
"28,800",1333,1080,77,27,045.jpg,18
บาท,1416,1082,50,22,045.jpg,18
1.4 ค่าตอบแทน ใช้สอยและวัสดุ,339,1123,310,39,045.jpg,19
"16,720",1178,1127,79,29,045.jpg,19
บาท,1262,1132,53,22,045.jpg,19
03128-1,424,1178,91,25,045.jpg,20
เงินตอบแทนพิเศษของลูกจ้างประจํา,547,1172,331,38,045.jpg,20
"8,080",1345,1179,66,27,045.jpg,20
บาท,1416,1181,50,22,045.jpg,20
03217-1,424,1227,91,25,045.jpg,21
เงินสมทบกองทุนประกันสังคม,547,1222,277,37,045.jpg,21
"8,640",1345,1227,66,28,045.jpg,21
บาท,1416,1230,50,22,045.jpg,21
,906,96,37,25,046.jpg,0
งานบํารุงรักษาซ่อมแซม,317,240,233,38,046.jpg,1
"5,799,620",1296,245,114,29,046.jpg,1
ขบาท,1415,248,52,22,046.jpg,1
1. งบบุคลากร,319,295,140,32,046.jpg,2
"2390,520",1144,295,113,28,046.jpg,2
บาท,1262,297,53,22,046.jpg,2
1.1 เงินเดือน,339,338,131,30,046.jpg,3
"1,230,960",1146,342,111,29,046.jpg,3
บาท,1262,346,53,22,046.jpg,3
,424,393,91,24,046.jpg,4
อัตราเดิม 6 อัตรา,546,388,167,29,046.jpg,4
"1,100,080",1305,393,105,27,046.jpg,4
บาท,1416,395,50,22,046.jpg,4
,424,442,91,24,046.jpg,5
ao a 8.เงินนเลอนขน,547,429,116,37,046.jpg,5
"66,000",1333,442,77,27,046.jpg,5
บาท,1416,444,50,22,046.jpg,5
,424,491,91,24,046.jpg,6
เงินประจําตําแหน่ง,547,486,177,29,046.jpg,6
"26,880",1333,491,77,27,046.jpg,6
บาท,1416,493,50,22,046.jpg,6
,424,540,91,24,046.jpg,7
เงินค่าตอบแทนรายเดือนของข้าราชการ,547,533,360,31,046.jpg,7
"26,880",1333,541,77,27,046.jpg,7
บาท,1416,543,50,22,046.jpg,7
,424,589,91,24,046.jpg,8
เงินเพิมการครองชีพชั่วคราวของข้าราชการ,547,578,388,35,046.jpg,8
"6,400",1345,589,66,28,046.jpg,8
บาท,1416,592,50,22,046.jpg,8
,424,638,91,24,046.jpg,9
เงินช่วยเหลือค่าครองชีพของข้าราชการ,547,631,356,31,046.jpg,9
"4,720",1345,638,66,28,046.jpg,9
บาท,1416,641,50,22,046.jpg,9
1.2 ค่าจ้างประจํา,339,682,172,30,046.jpg,10
"970,040",1163,685,94,29,046.jpg,10
บาท,1262,690,53,22,046.jpg,10
,424,736,91,24,046.jpg,11
อัตราเดิม 4 อัตรา,546,731,167,29,046.jpg,11
"914,400",1320,736,90,28,046.jpg,11
บาท,1416,739,50,22,046.jpg,11
,424,785,91,24,046.jpg,12
เงินเพิ่มค่าจ้างประจํา,547,774,195,35,046.jpg,12
"43,800",1333,785,77,28,046.jpg,12
บาท,1416,788,50,22,046.jpg,12
,424,834,91,24,046.jpg,13
เงินเพิมการครองชีพชัวคราวของลูกจ้างประจํา,547,823,415,43,046.jpg,13
"9,800",1345,835,66,27,046.jpg,13
บาท,1416,837,50,22,046.jpg,13
,424,883,91,24,046.jpg,14
เงินช่วยเหลือค่าครองชีพของลูกจ้างประจํา,547,876,383,39,046.jpg,14
"2,040",1345,883,66,28,046.jpg,14
บาท,1416,886,50,22,046.jpg,14
1.3 ค่าจ้างชัวคราว,339,922,186,35,046.jpg,15
"172,800",1165,932,92,28,046.jpg,15
บาท,1262,935,53,22,046.jpg,15
,424,982,91,24,046.jpg,16
ค่าจ้างชัวคราว 1 อัตรา,546,971,214,35,046.jpg,16
"125,120",1322,982,88,27,046.jpg,16
บาท,1416,984,50,22,046.jpg,16
,424,1031,91,24,046.jpg,17
เงินเพิมการครองชีพชั่วคราวของลูกจ้างชัวคราว,547,1020,424,43,046.jpg,17
"18,880",1335,1031,75,27,046.jpg,17
บาท,1416,1033,50,22,046.jpg,17
02103-1,424,1080,91,25,046.jpg,18
เงินช่วยเหลือค่าครองชีพของลูกจ้างชั่วคราว,547,1069,392,43,046.jpg,18
"28,800",1333,1080,77,27,046.jpg,18
บาท,1416,1082,50,22,046.jpg,18
1.4 ค่าตอบแทน ใช้สอยและวัสดุ,339,1123,310,39,046.jpg,19
"16,720",1178,1127,79,29,046.jpg,19
บาท,1262,1132,53,22,046.jpg,19
03128-1,424,1178,91,25,046.jpg,20
เงินตอบแทนพิเศษของลูกจ้างประจํา,547,1172,331,38,046.jpg,20
"8,080",1345,1179,66,27,046.jpg,20
บาท,1416,1181,50,22,046.jpg,20
03217-1,424,1227,91,25,046.jpg,21
เงินสมทบกองทุนประกันสังคม,547,1222,277,37,046.jpg,21
"8,640",1345,1227,66,28,046.jpg,21
บาท,1416,1230,50,22,046.jpg,21
2. งบดําเนินงาน,317,1320,163,30,046.jpg,22
"1,906,100",1146,1325,111,29,046.jpg,22
บาท,1262,1328,53,22,046.jpg,22
ค่าตอบแทน ใช้สอยและวัสดุ,340,1368,272,39,046.jpg,23
"1,906,100",1146,1373,111,29,046.jpg,23
บาท,1262,1377,53,22,046.jpg,23
2.1 ค่าตอบแทน,340,1419,162,29,046.jpg,24
"790,400",1163,1422,94,29,046.jpg,24
ขบาท,1263,1426,52,22,046.jpg,24
ค่าอาหารทําการนอกเวลา,546,1467,238,29,046.jpg,25
2.2 ค่าใช้สอย,340,1515,139,31,046.jpg,26
"394,000",1163,1520,94,29,046.jpg,26
ขบาท,1263,1524,52,22,046.jpg,26
ค่าซ่อมแซมถนน ตรอก ซอย สะพานและสิงสาธารณประโยชน์,546,1560,557,35,046.jpg,27
ค่าซ่อมแซมไฟฟ้าสาธารณะ,546,1613,250,31,046.jpg,28
,340,1663,116,38,046.jpg,29
"721,700",1163,1668,94,28,046.jpg,29
ขบาท,1263,1671,52,22,046.jpg,29
ค่าวัสดุยานพาหนะ,546,1713,176,37,046.jpg,30
ค่าวัสดุก่อสร้าง,546,1761,143,38,046.jpg,31
ค่าวัสดุสําหรับหน่วยบริการเร่งด่วนกรุงเทพมหานคร BEST,546,1811,525,37,046.jpg,32
,906,96,37,25,047.jpg,0
3. งบลงทุน,317,246,118,32,047.jpg,1
"3,000",1189,246,68,28,047.jpg,1
บาท,1262,248,53,22,047.jpg,1
"»,นและสิงก่อสร้าง(๕1",340,284,275,43,047.jpg,2
"3,000",1189,294,68,28,047.jpg,2
บาท,1262,297,53,22,047.jpg,2
,340,337,114,39,047.jpg,3
"3,000",1189,343,68,28,047.jpg,3
บาท,1262,346,53,22,047.jpg,3
05199-3,424,393,93,25,047.jpg,4
เทปวัดระยะทางไฟเบอร์ใยแก้ว 2 อัน,547,386,338,31,047.jpg,4
"3,000",1346,393,65,27,047.jpg,4
บาท,1416,395,50,22,047.jpg,4
4. งบรายจ่ายอิน,317,480,166,35,047.jpg,5
"1,500,000",1146,491,111,28,047.jpg,5
บาท,1262,493,53,22,047.jpg,5
07123-1,424,540,91,25,047.jpg,6
ค่าใช้จ่ายในการซ่อมแซมป์ารุงรักษาถนน,546,534,368,38,047.jpg,6
ตรอก ซอยและสิงสาธารณประโยชน์,546,578,332,35,047.jpg,7
a                         -เพอ แก้ไขปัญหาคว ามเตดือดร้อนของประชาชน,547,627,410,41,047.jpg,8
"1,500,000",1305,639,105,27,047.jpg,8
บาท,1416,641,50,22,047.jpg,8
,906,97,36,25,048.jpg,0
งานระบายนําและแก้ไขปัญหานําท่วม,317,233,354,44,048.jpg,1
"6,641,000",1296,245,114,29,048.jpg,1
ขบาท,1415,248,52,22,048.jpg,1
1. งบบุคลากร,319,295,140,32,048.jpg,2
"4,958,000",1144,294,113,29,048.jpg,2
บาท,1262,297,53,22,048.jpg,2
1.1 เงินเดือน,347,338,130,30,048.jpg,3
"573,900",1163,343,94,28,048.jpg,3
ขบาท,1270,346,53,22,048.jpg,3
,432,393,91,24,048.jpg,4
อัตราเดิม 4 อัตรา,553,388,168,29,048.jpg,4
"534,300",1320,392,90,28,048.jpg,4
บาท,1423,395,50,22,048.jpg,4
,432,442,91,24,048.jpg,5
ao a 8.เงินนเลอนขน,554,429,116,37,048.jpg,5
"32,100",1334,442,76,27,048.jpg,5
บาท,1423,444,50,22,048.jpg,5
,432,491,91,24,048.jpg,6
เงินเพิมการครองชีพชั่วคราวของข้าราชการ,554,480,389,35,048.jpg,6
"5,800",1345,491,66,27,048.jpg,6
บาท,1423,493,50,22,048.jpg,6
,432,540,91,24,048.jpg,7
เงินช่วยเหลือค่าครองชีพของข้าราชการ,554,533,356,31,048.jpg,7
"1,700",1347,541,64,27,048.jpg,7
บาท,1423,543,50,22,048.jpg,7
1.2 ค่าจ้างประจํา,339,584,172,30,048.jpg,8
"3,684,000",1144,587,113,29,048.jpg,8
บาท,1262,592,53,22,048.jpg,8
,424,638,91,24,048.jpg,9
อัตราเดิม 15 อัตรา,546,633,180,29,048.jpg,9
"3,494,600",1304,638,106,28,048.jpg,9
บาท,1416,641,50,22,048.jpg,9
,424,687,91,24,048.jpg,10
เงินเพิ่มค่าจ้างประจํา,547,676,195,35,048.jpg,10
"103,800",1322,688,88,27,048.jpg,10
บาท,1416,690,50,22,048.jpg,10
,424,736,91,24,048.jpg,11
เงินเพิมการครองชีพชั่วคราวของลูกจ้างประจํา,547,725,415,43,048.jpg,11
"48,000",1333,736,77,28,048.jpg,11
บาท,1416,739,50,22,048.jpg,11
,424,785,91,24,048.jpg,12
เงินช่วยเหลือค่าครองชีพของลูกจ้างประจํา,547,778,383,39,048.jpg,12
"37,600",1334,786,76,27,048.jpg,12
บาท,1416,788,50,22,048.jpg,12
1.3 ค่าจ้างชัวคราว,339,824,186,35,048.jpg,13
"576,000",1163,833,94,29,048.jpg,13
บาท,1262,837,53,22,048.jpg,13
,424,883,91,24,048.jpg,14
ค่าจ้างชัวคราว 4 อัตรา,546,872,214,35,048.jpg,14
"417,100",1320,883,90,28,048.jpg,14
บาท,1416,886,50,22,048.jpg,14
,424,933,91,24,048.jpg,15
เงินเพิมการครองชีพชั่วคราวของลูกจ้างชัวคราว,547,922,424,43,048.jpg,15
"62,900",1333,933,77,27,048.jpg,15
บาท,1416,935,50,22,048.jpg,15
02103-1,424,982,91,25,048.jpg,16
เงินช่วยเหลือค่าครองชีพของลูกจ้างชั่วคราว,547,971,392,43,048.jpg,16
"96,000",1333,982,77,27,048.jpg,16
บาท,1416,984,50,22,048.jpg,16
1.4 ค่าตอบแทน ใช้สอยและวัสดุ,339,1024,310,39,048.jpg,17
"124,100",1165,1029,92,29,048.jpg,17
บาท,1262,1033,53,22,048.jpg,17
03128-1,424,1080,91,25,048.jpg,18
เงินตอบแทนพิเศษของลูกจ้างประจํา,547,1074,331,38,048.jpg,18
"70,600",1333,1080,77,27,048.jpg,18
บาท,1416,1082,50,22,048.jpg,18
03217-1,424,1129,91,25,048.jpg,19
เงินสมทบกองทุนประกันสังคม,547,1124,277,37,048.jpg,19
"28,800",1333,1130,77,27,048.jpg,19
บาท,1416,1132,50,22,048.jpg,19
03611-1,424,1178,91,25,048.jpg,20
"1,เคซี่.     1คาเครองแตงกาย",546,1167,161,35,048.jpg,20
"24,700",1333,1178,77,28,048.jpg,20
บาท,1416,1181,50,22,048.jpg,20
2. งบดําเนินงาน,317,1267,163,30,048.jpg,21
"1,606,500",1146,1272,111,29,048.jpg,21
บาท,1262,1275,53,22,048.jpg,21
ค่าตอบแทน ใช้สอยและวัสดุ,340,1315,272,39,048.jpg,22
"1,606,500",1146,1320,111,29,048.jpg,22
บาท,1262,1324,53,22,048.jpg,22
2.1 ค่าตอบแทน,340,1366,162,29,048.jpg,23
"316,500",1163,1369,94,29,048.jpg,23
ขบาท,1263,1373,52,22,048.jpg,23
ค่าอาหารทําการนอกเวลา,546,1415,238,29,048.jpg,24
2.2 ค่าใช้สอย,340,1463,139,31,048.jpg,25
"868,000",1163,1467,94,29,048.jpg,25
ขบาท,1263,1472,52,22,048.jpg,25
ค่าซ่อมแซมยานพาหนะ,546,1513,218,29,048.jpg,26
an         ซี่ ow           a atคาซอมแซมเครองจักรกลและเครองทุนแรง,546,1556,387,43,048.jpg,27
ค่าจ้างเหมาล้างทําความสะอาดท่อระบายนํา,546,1603,398,37,048.jpg,28
,340,1660,116,38,048.jpg,29
"422,000",1163,1664,94,29,048.jpg,29
ขบาท,1263,1668,52,22,048.jpg,29
๓ล ใจค๓!   we ก  a    ow  ialส่วนใหญ่เป็นค่าวัสดุนํามันเชื่อเพลิงและนํามันหล่อลื่น,546,1701,478,45,048.jpg,30
ค่าวัสดุยานพาหนะ,546,1758,176,37,048.jpg,31
ค่าวัสดุอุปกรณ์บํารุงรักษาระบบระบายนํา (ฝาท่อ),546,1800,452,45,048.jpg,32
ค่าวัสดุอุปกรณ์ทําความสะอาดท่อระบายนํา ฯลฯ,546,1849,440,45,048.jpg,33
,906,97,37,24,049.jpg,0
3. งบลงทุน,317,246,118,32,049.jpg,1
"76,500",1176,245,81,29,049.jpg,1
บาท,1262,248,53,22,049.jpg,1
"1๑สมี,นและสิงก่อสร้าง",340,284,300,43,049.jpg,2
"76,500",1176,293,81,29,049.jpg,2
บาท,1262,297,53,22,049.jpg,2
,340,337,114,39,049.jpg,3
"76,500",1176,342,81,29,049.jpg,3
บาท,1262,346,53,22,049.jpg,3
,424,393,91,24,049.jpg,4
al     a      al(1) เครื่องตบดิน 1 เครื่อง,546,382,234,37,049.jpg,4
"21,000",1333,393,77,27,049.jpg,4
บาท,1416,395,50,22,049.jpg,4
,424,442,92,24,049.jpg,5
(2) เครื่องกําเนิดไฟฟ้า (ราคาไม่รวมค่าติดตั้ง),546,429,405,39,049.jpg,5
ayy.       alขนาด 5 กิโลวัตต์ 1 เครื่อง,582,480,242,35,049.jpg,6
"55,500",1333,491,77,27,049.jpg,6
บาท,1416,493,50,22,049.jpg,6
,906,98,36,24,050.jpg,0
งานบริหารทัวไปฝ่ายพัฒนาชุมชน,317,235,322,43,050.jpg,1
"3,236,140",1296,245,114,29,050.jpg,1
ขบาท,1415,248,52,22,050.jpg,1
1. งบบุคลากร,319,295,140,32,050.jpg,2
"1,458,840",1146,294,111,29,050.jpg,2
บาท,1262,297,53,22,050.jpg,2
1.1 เงินเดือน,339,338,131,30,050.jpg,3
"1,278,960",1146,342,111,29,050.jpg,3
บาท,1262,346,53,22,050.jpg,3
,424,393,91,24,050.jpg,4
อัตราเดิม 5 อัตรา,546,388,167,29,050.jpg,4
"1,178,840",1305,392,105,28,050.jpg,4
บาท,1416,395,50,22,050.jpg,4
,424,442,91,24,050.jpg,5
ao a 8.เงินนเลอนขน,547,429,116,37,050.jpg,5
"70,680",1333,442,77,27,050.jpg,5
บาท,1416,444,50,22,050.jpg,5
,424,491,91,24,050.jpg,6
เงินค่าตอบแทนรายเดือนของข้าราชการ,547,484,360,31,050.jpg,6
"16,800",1335,491,75,27,050.jpg,6
บาท,1416,493,50,22,050.jpg,6
,424,540,91,24,050.jpg,7
เงินเพิมการครองชีพชั่วคราวของข้าราชการ,547,529,388,35,050.jpg,7
"9,600",1345,541,66,27,050.jpg,7
บาท,1416,543,50,22,050.jpg,7
,424,589,91,24,050.jpg,8
เงินช่วยเหลือค่าครองชีพของข้าราชการ,547,582,356,31,050.jpg,8
"3,040",1346,589,65,28,050.jpg,8
บาท,1416,592,50,22,050.jpg,8
1.2 ค่าจ้างประจํา,339,633,172,30,050.jpg,9
"171,520",1165,637,92,28,050.jpg,9
บาท,1262,641,53,22,050.jpg,9
,424,687,91,24,050.jpg,10
อัตราเดิม 1 อัตรา,546,682,167,29,050.jpg,10
"147,160",1322,687,88,28,050.jpg,10
บาท,1416,690,50,22,050.jpg,10
,424,736,91,24,050.jpg,11
เงินเพิ่มค่าจ้างประจํา,547,725,195,35,050.jpg,11
"8,800",1345,737,66,27,050.jpg,11
บาท,1416,739,50,22,050.jpg,11
,424,785,91,24,050.jpg,12
เงินเพิมการครองชีพชั่วคราวของลูกจ้างประจํา,547,774,415,43,050.jpg,12
"9,600",1345,786,66,27,050.jpg,12
บาท,1416,788,50,22,050.jpg,12
,424,834,91,24,050.jpg,13
เงินช่วยเหลือค่าครองชีพของลูกจ้างประจํา,547,827,383,39,050.jpg,13
"5,960",1345,835,66,27,050.jpg,13
บาท,1416,837,50,22,050.jpg,13
1.3 ค่าตอบแทน ใช้สอยและวัสดุ,339,877,310,39,050.jpg,14
"8,360",1189,882,68,29,050.jpg,14
บาท,1262,886,53,22,050.jpg,14
03217-1,424,933,91,25,050.jpg,15
เงินสมทบกองทุนประกันสังคม,547,928,277,37,050.jpg,15
"5,760",1345,933,66,27,050.jpg,15
บาท,1416,935,50,22,050.jpg,15
03611-1,424,982,91,25,050.jpg,16
iad     1คาเครองแตงกาย,546,971,161,35,050.jpg,16
"2,600",1345,982,66,27,050.jpg,16
บาท,1416,984,50,22,050.jpg,16
2. งบดําเนินงาน,317,1074,163,30,050.jpg,17
"1,777,300",1146,1080,111,28,050.jpg,17
บาท,1262,1082,53,22,050.jpg,17
2.1 ค่าตอบแทน ใช้สอยและวัสดุ,337,1123,312,39,050.jpg,18
"1,760,500",1146,1127,111,29,050.jpg,18
บาท,1262,1132,53,22,050.jpg,18
2.1.1 ค่าตอบแทน,377,1174,181,29,050.jpg,19
"1,016,400",1146,1176,111,29,050.jpg,19
บาท,1262,1181,53,22,050.jpg,19
ค่าอาหารทําการนอกเวลา,546,1222,238,29,050.jpg,20
ค่าตอบแทนอาสาสมัครบ้านหนังสือ,546,1269,320,31,050.jpg,21
2.1.2 ค่าใช้สอย,377,1319,158,31,050.jpg,22
"436,700",1163,1324,94,29,050.jpg,22
บาท,1262,1328,53,22,050.jpg,22
ค่าซ่อมแซมยานพาหนะ,546,1369,218,29,050.jpg,23
ต์.ค่าซ่อมแซมครุภัณฑ์,546,1416,188,39,050.jpg,24
ค่าจ้างเหมาบริการเป็นรายบุคคล,546,1464,299,40,050.jpg,25
2.1.3 ค่าวัสดุ,377,1516,135,38,050.jpg,26
"307,400",1163,1520,94,29,050.jpg,26
บาท,1262,1524,53,22,050.jpg,26
ก Pee es  al  Ss  aส่วนใหญ่เป็นค่าวัสดุเครื่องคอมพิวเตอร์,546,1560,354,43,050.jpg,27
าวสดูสานกงานans,546,1615,159,37,050.jpg,28
iw ก  a    ow  ialคาว์สดุนามนเช้อเพลงและนามนหลอลน,546,1656,363,45,050.jpg,29
ค่าหนังสือวารสารบ้านหนังสือ ฯลฯ,546,1711,318,31,050.jpg,30
,906,97,38,24,051.jpg,0
2.2 ค่าสาธารณูปโภค,337,240,207,39,051.jpg,1
"16,800",1178,244,79,29,051.jpg,1
บาท,1262,248,53,22,051.jpg,1
ค่าไฟฟ้า,546,287,83,31,051.jpg,2
ค่านําประปา,546,331,122,37,051.jpg,3
ค่าโทรศัพท์,546,386,112,31,051.jpg,4
,906,97,37,24,052.jpg,0
งานพัฒนาชุมชนและบริการสังคม,317,240,320,38,052.jpg,1
"7,733,260",1296,245,114,29,052.jpg,1
ขบาท,1415,248,52,22,052.jpg,1
1. งบบุคลากร,319,295,140,32,052.jpg,2
"2,184,360",1144,294,113,29,052.jpg,2
บาท,1262,297,53,22,052.jpg,2
1.1 เงินเดือน,347,338,130,30,052.jpg,3
"1.918,440",1146,342,111,29,052.jpg,3
ขบาท,1270,346,53,22,052.jpg,3
,432,393,91,24,052.jpg,4
อัตราเดิม 7 อัตรา,553,388,168,29,052.jpg,4
"1,768,260",1305,393,105,27,052.jpg,4
บาท,1423,395,50,22,052.jpg,4
,432,442,91,24,052.jpg,5
ao a 8.เงินนเลอนขน,554,429,116,37,052.jpg,5
"106,020",1322,442,88,27,052.jpg,5
บาท,1423,444,50,22,052.jpg,5
,432,491,91,24,052.jpg,6
เงินค่าตอบแทนรายเดือนของข้าราชการ,554,484,360,31,052.jpg,6
"25,200",1333,491,77,27,052.jpg,6
บาท,1423,493,50,22,052.jpg,6
,432,540,91,24,052.jpg,7
เงินเพิมการครองชีพชั่วคราวของข้าราชการ,554,529,389,35,052.jpg,7
"14,400",1335,540,75,28,052.jpg,7
บาท,1423,543,50,22,052.jpg,7
,432,589,91,24,052.jpg,8
เงินช่วยเหลือค่าครองชีพของข้าราชการ,554,582,356,31,052.jpg,8
"4,560",1345,589,66,28,052.jpg,8
บาท,1423,592,50,22,052.jpg,8
1.2 ค่าจ้างประจํา,339,633,172,30,052.jpg,9
"257,280",1163,637,94,28,052.jpg,9
บาท,1262,641,53,22,052.jpg,9
,424,687,91,24,052.jpg,10
อัตราเดิม 1 อัตรา,546,682,167,29,052.jpg,10
"220,740",1320,687,90,28,052.jpg,10
บาท,1416,690,50,22,052.jpg,10
,424,736,91,24,052.jpg,11
เงินเพิ่มค่าจ้างประจํา,547,725,195,35,052.jpg,11
"13,200",1335,737,75,27,052.jpg,11
บาท,1416,739,50,22,052.jpg,11
,424,785,91,24,052.jpg,12
เงินเพิมการครองชีพชั่วคราวของลูกจ้างประจํา,547,774,415,43,052.jpg,12
"14,400",1335,785,75,28,052.jpg,12
บาท,1416,788,50,22,052.jpg,12
,424,834,91,24,052.jpg,13
เงินช่วยเหลือค่าครองชีพของลูกจ้างประจํา,547,827,383,39,052.jpg,13
"8,940",1345,834,66,28,052.jpg,13
บาท,1416,837,50,22,052.jpg,13
1.3 ค่าตอบแทน ใช้สอยและวัสดุ,339,877,310,39,052.jpg,14
"8,640",1189,882,68,29,052.jpg,14
บาท,1262,886,53,22,052.jpg,14
03217-1,424,933,91,25,052.jpg,15
เงินสมทบกองทุนประกันสังคม,547,928,277,37,052.jpg,15
"8,640",1345,932,66,28,052.jpg,15
บาท,1416,935,50,22,052.jpg,15
2. งบดําเนินงาน,317,1025,163,30,052.jpg,16
"358,200",1163,1031,94,28,052.jpg,16
บาท,1262,1033,53,22,052.jpg,16
2.1 ค่าตอบแทน ใช้สอยและวัสดุ,337,1073,312,39,052.jpg,17
"333,000",1163,1079,94,28,052.jpg,17
ขบาท,1262,1082,53,22,052.jpg,17
2.1.1 ค่าตอบแทน,377,1125,181,29,052.jpg,18
"322,200",1163,1128,94,28,052.jpg,18
บาท,1262,1132,53,22,052.jpg,18
ค่าอาหารทําการนอกเวลา (แอโรบิค),546,1172,333,32,052.jpg,19
ค่าตอบแทนบุคคลภายนอก,546,1222,249,37,052.jpg,20
ค่าตอบแทนวิทยากร (แอโรบิค),546,1270,286,32,052.jpg,21
2.1.2 ค่าใช้สอย,377,1319,158,31,052.jpg,22
"10,800",1178,1325,79,28,052.jpg,22
บาท,1262,1328,53,22,052.jpg,22
ค่ารับรอง,546,1369,94,29,052.jpg,23
2.2 ค่าสาธารณูปโภค,337,1418,207,39,052.jpg,24
"25,200",1176,1423,81,28,052.jpg,24
บาท,1262,1426,53,22,052.jpg,24
ค่าไฟฟ้า,546,1465,83,31,052.jpg,25
ค่านําประปา,546,1509,122,37,052.jpg,26
ค่าโทรศัพท์,546,1564,112,31,052.jpg,27
3. งบรายจ่ายอิน,317,1653,166,35,052.jpg,28
"5,190,700",1144,1664,113,28,052.jpg,28
บาท,1262,1666,53,22,052.jpg,28
,424,1713,91,24,052.jpg,29
(1) ค่าใช้จ่ายในการสนับสนุนการดําเนินงาน,546,1707,396,38,052.jpg,29
ของคณะกรรมการชุมชน,582,1763,230,31,052.jpg,30
"1,530,000",1305,1763,105,27,052.jpg,30
บาท,1416,1765,50,22,052.jpg,30
,424,1811,91,24,052.jpg,31
"1 ""      ey     vow ad do awe(2) ค่าช์จ่าย เนการสนับสนุนเจ้าหน้าทีเพื่อปฏิบัติงาน",546,1800,478,43,052.jpg,31
ด้านเด็ก สตรี ผู้สูงอายุ คนพิการ และผู้ด้อยโอกาส,582,1852,449,40,052.jpg,32
"514,600",1320,1860,90,28,052.jpg,32
บาท,1416,1863,50,22,052.jpg,32
,906,96,37,25,053.jpg,0
,424,245,92,24,053.jpg,1
"1 ""    7,       eee dl a ue(3) ค่าช์จ่าย เนการจ้างอาสาสมัครเจ้าหน้าทิปฏิบัติงาน",546,234,492,42,053.jpg,1
ด้านพัฒนาสังคม,582,288,157,30,053.jpg,2
"585,200",1320,295,90,27,053.jpg,2
บาท,1416,297,50,22,053.jpg,2
07199-3,424,344,93,25,053.jpg,3
(4) ค่าใช้จ่ายในการส่งเสริมกิจกรรมสโมสรกีฬา,546,337,423,33,053.jpg,3
aและลานกหฬา,583,386,125,31,053.jpg,4
"1,225,800",1305,393,105,27,053.jpg,4
บาท,1416,395,50,22,053.jpg,4
07199-4,424,441,93,25,053.jpg,5
(5) ค่าใช้จ่ายในการจัดกิจกรรมการออกกําลังกาย,546,436,441,32,053.jpg,5
"369,000",1321,442,89,27,053.jpg,5
บาท,1416,444,50,22,053.jpg,5
,424,491,92,24,053.jpg,6
(6) ค่าใช้จ่ายในการบริหารจัดการพิพิธภัณฑ์ท้องถิน,546,480,463,37,053.jpg,6
กรุงเทพมหานคร,582,542,160,30,053.jpg,7
"486,100",1320,540,90,28,053.jpg,7
บาท,1416,543,50,22,053.jpg,7
,424,589,91,24,053.jpg,8
(7) ค่าใช้จ่ายในการจัดกิจกรรมครอบครัวรักการอ่าน,546,583,470,32,053.jpg,8
"40,000",1333,589,77,28,053.jpg,8
บาท,1416,592,50,22,053.jpg,8
,424,638,92,24,053.jpg,9
(8) ค่าใช้จ่ายศูนย์ประสานงานธนาคารสมอง,546,631,397,39,053.jpg,9
ของกรุงเทพมหานคร,582,689,196,30,053.jpg,10
"10,000",1335,688,75,27,053.jpg,10
บาท,1416,690,50,22,053.jpg,10
,424,736,92,24,053.jpg,11
(9) ค่าใช้จ่ายในการฝึกอบรมวิชาชีพเสริมรายได้,546,729,428,33,053.jpg,11
"60,000",1333,737,77,27,053.jpg,11
บาท,1416,739,50,22,053.jpg,11
,424,785,91,24,053.jpg,12
co   Laas(10) ค่าใช้จ่ายในการจัดงานวันสําคัญ อนุรักษ์,546,778,411,39,053.jpg,12
"a            &,                             aสืบสานวัฒนธรรมประเพณี",589,827,246,31,053.jpg,13
"190,000",1322,835,88,27,053.jpg,13
บาท,1416,837,50,22,053.jpg,13
,424,883,105,24,053.jpg,14
(11) ค่าใช้จ่ายในการส่งเสริมกิจการสภาเด็ก,546,875,394,34,053.jpg,14
และเยาวชนกรุงเทพมหานคร,597,934,267,31,053.jpg,15
"180,000",1322,933,88,27,053.jpg,15
บาท,1416,935,50,22,053.jpg,15
,906,98,37,24,054.jpg,0
งานบริหารทัวไปฝ่ายสิงแวดล้อมและสุขาภิบาล,317,235,441,43,054.jpg,1
"1,367,380",1298,245,112,29,054.jpg,1
บาท,1414,248,53,22,054.jpg,1
1. งบบุคลากร,319,295,140,32,054.jpg,2
"1,067,180",1146,294,111,29,054.jpg,2
บาท,1262,297,53,22,054.jpg,2
1.1 เงินเดือน,339,338,131,30,054.jpg,3
"882,100",1163,343,94,28,054.jpg,3
บาท,1262,346,53,22,054.jpg,3
,424,393,91,24,054.jpg,4
อัตราเดิม 2 อัตรา,546,388,167,29,054.jpg,4
"823,540",1320,392,90,28,054.jpg,4
บาท,1416,395,50,22,054.jpg,4
,424,442,91,24,054.jpg,5
ao a 8.เงินนเลอนขน,547,429,116,37,054.jpg,5
"49,400",1333,441,77,28,054.jpg,5
บาท,1416,444,50,22,054.jpg,5
,424,491,91,24,054.jpg,6
เงินค่าตอบแทนรายเดือนของข้าราชการ,547,484,360,31,054.jpg,6
"8,400",1345,490,66,28,054.jpg,6
บาท,1416,493,50,22,054.jpg,6
,424,540,91,24,054.jpg,7
เงินเพิมการครองชีพชั่วคราวของข้าราชการ,547,529,388,35,054.jpg,7
600,1363,541,47,24,054.jpg,7
บาท,1416,543,50,22,054.jpg,7
,424,589,91,24,054.jpg,8
เงินช่วยเหลือค่าครองชีพของข้าราชการ,547,582,356,31,054.jpg,8
,1365,590,45,24,054.jpg,8
บาท,1416,592,50,22,054.jpg,8
1.2 ค่าจ้างประจํา,339,633,172,30,054.jpg,9
"116,800",1165,636,92,29,054.jpg,9
บาท,1262,641,53,22,054.jpg,9
,424,687,91,24,054.jpg,10
อัตราเดิม 1 อัตรา,546,682,167,29,054.jpg,10
"98,720",1333,688,77,27,054.jpg,10
บาท,1416,690,50,22,054.jpg,10
,424,736,91,24,054.jpg,11
เงินเพิ่มค่าจ้างประจํา,547,725,195,35,054.jpg,11
"5,920",1345,737,66,27,054.jpg,11
บาท,1416,739,50,22,054.jpg,11
,424,785,91,24,054.jpg,12
เงินเพิมการครองชีพชั่วคราวของลูกจ้างประจํา,547,774,415,43,054.jpg,12
"10,140",1335,785,75,28,054.jpg,12
บาท,1416,788,50,22,054.jpg,12
,424,834,91,24,054.jpg,13
เงินช่วยเหลือค่าครองชีพของลูกจ้างประจํา,547,827,383,39,054.jpg,13
"2,020",1345,835,66,27,054.jpg,13
บาท,1416,837,50,22,054.jpg,13
1.3 ค่าจ้างชัวคราว,339,873,186,35,054.jpg,14
"57,600",1176,882,81,29,054.jpg,14
บาท,1262,886,53,22,054.jpg,14
,424,933,91,24,054.jpg,15
ค่าจ้างชัวคราว 1 อัตรา,546,922,214,35,054.jpg,15
"43,400",1333,932,77,28,054.jpg,15
บาท,1416,935,50,22,054.jpg,15
,424,982,91,24,054.jpg,16
เงินเพิมการครองชีพชั่วคราวของลูกจ้างชัวคราว,547,971,424,43,054.jpg,16
"4,600",1345,981,66,28,054.jpg,16
บาท,1416,984,50,22,054.jpg,16
02103-1,424,1031,91,25,054.jpg,17
เงินช่วยเหลือค่าครองชีพของลูกจ้างชั่วคราว,547,1020,392,43,054.jpg,17
"9,600",1345,1031,66,27,054.jpg,17
บาท,1416,1033,50,22,054.jpg,17
1.4 ค่าตอบแทน ใช้สอยและวัสดุ,339,1073,310,39,054.jpg,18
"10,680",1178,1078,79,29,054.jpg,18
บาท,1262,1082,53,22,054.jpg,18
03217-1,424,1129,91,25,054.jpg,19
เงินสมทบกองทุนประกันสังคม,547,1124,277,37,054.jpg,19
"2,880",1345,1130,66,27,054.jpg,19
บาท,1416,1132,50,22,054.jpg,19
03611-1,424,1178,91,25,054.jpg,20
"1,เคซี่.     1คาเครองแตงกาย",546,1167,161,35,054.jpg,20
"7,800",1345,1179,66,27,054.jpg,20
บาท,1416,1181,50,22,054.jpg,20
2. งบดําเนินงาน,317,1269,163,30,054.jpg,21
"300,200",1163,1275,94,28,054.jpg,21
บาท,1262,1277,53,22,054.jpg,21
ค่าตอบแทน ใช้สอยและวัสดุ,340,1317,272,39,054.jpg,22
"300,200",1163,1323,94,28,054.jpg,22
บาท,1262,1326,53,22,054.jpg,22
2.1 ค่าตอบแทน,340,1368,162,29,054.jpg,23
"11,700",1178,1372,79,28,054.jpg,23
ขบาท,1263,1375,52,22,054.jpg,23
ค่าอาหารทําการนอกเวลา,546,1417,238,29,054.jpg,24
2.2 ค่าใช้สอย,340,1465,139,31,054.jpg,25
"65,900",1176,1469,81,29,054.jpg,25
ขบาท,1263,1474,52,22,054.jpg,25
ค่าซ่อมแซมยานพาหนะ,546,1515,218,29,054.jpg,26
 ไค.         alow           aคาซอมแซมเครองจักรกลและเครองทุนแรง,546,1558,387,43,054.jpg,27
ต์.ค่าซ่อมแซมครุภัณฑ์,546,1611,188,39,054.jpg,28
,340,1662,116,38,054.jpg,29
"222,600",1163,1666,94,29,054.jpg,29
ขบาท,1263,1670,52,22,054.jpg,29
๓ลใจค!   te คอั ณี้ร  a    ow  ialส่วนใหญ่เป็นค่าวัสดุนํามันเชื่อเพลิงและนํามันหล่อลื่น,546,1703,478,45,054.jpg,30
าวสดูสานกงานans,546,1760,159,37,054.jpg,31
0     a       Ssคาว์สดุเครองคอมพว เตอร์,546,1803,240,43,054.jpg,32
ค่าวัสดุยานพาหนะ ฯลฯ,546,1859,223,37,054.jpg,33
,906,96,36,25,055.jpg,0
งานสุขาภิบาลอาหารและอนามัยสิงแวดล้อม,317,235,416,43,055.jpg,1
"2652,060",1296,245,114,29,055.jpg,1
ขบาท,1415,248,52,22,055.jpg,1
1. งบบุคลากร,319,295,140,32,055.jpg,2
"2,118,760",1144,294,113,29,055.jpg,2
บาท,1262,297,53,22,055.jpg,2
1.1 เงินเดือน,347,338,130,30,055.jpg,3
"1,764,200",1146,342,111,29,055.jpg,3
ขบาท,1270,346,53,22,055.jpg,3
,432,393,91,24,055.jpg,4
อัตราเดิม 6 อัตรา,553,388,168,29,055.jpg,4
"1,647,080",1305,392,105,28,055.jpg,4
บาท,1423,395,50,22,055.jpg,4
,432,442,91,24,055.jpg,5
ao a 8.เงินนเลอนขน,554,429,116,37,055.jpg,5
"98,800",1333,442,77,27,055.jpg,5
บาท,1423,444,50,22,055.jpg,5
,432,491,91,24,055.jpg,6
เงินค่าตอบแทนรายเดือนของข้าราชการ,554,484,360,31,055.jpg,6
"16,800",1335,491,75,27,055.jpg,6
บาท,1423,493,50,22,055.jpg,6
,432,540,91,24,055.jpg,7
เงินเพิมการครองชีพชั่วคราวของข้าราชการ,554,529,389,35,055.jpg,7
"1,200",1347,541,64,27,055.jpg,7
บาท,1423,543,50,22,055.jpg,7
,432,589,91,24,055.jpg,8
เงินช่วยเหลือค่าครองชีพของข้าราชการ,554,582,356,31,055.jpg,8
320,1364,590,46,25,055.jpg,8
บาท,1423,592,50,22,055.jpg,8
1.2 ค่าจ้างประจํา,339,633,172,30,055.jpg,9
"233,600",1163,636,94,29,055.jpg,9
บาท,1262,641,53,22,055.jpg,9
,424,687,91,24,055.jpg,10
อัตราเดิม 2 อัตรา,546,682,167,29,055.jpg,10
"197,440",1322,687,88,28,055.jpg,10
บาท,1416,690,50,22,055.jpg,10
,424,736,91,24,055.jpg,11
เงินเพิ่มค่าจ้างประจํา,547,725,195,35,055.jpg,11
"11,840",1335,736,75,28,055.jpg,11
บาท,1416,739,50,22,055.jpg,11
,424,785,91,24,055.jpg,12
เงินเพิมการครองชีพชั่วคราวของลูกจ้างประจํา,547,774,415,43,055.jpg,12
"20,280",1333,786,77,27,055.jpg,12
บาท,1416,788,50,22,055.jpg,12
,424,834,91,24,055.jpg,13
เงินช่วยเหลือค่าครองชีพของลูกจ้างประจํา,547,827,383,39,055.jpg,13
"4,040",1345,834,66,28,055.jpg,13
บาท,1416,837,50,22,055.jpg,13
1.3 ค่าจ้างชัวคราว,339,873,186,35,055.jpg,14
"115,200",1165,883,92,28,055.jpg,14
บาท,1262,886,53,22,055.jpg,14
,424,933,91,24,055.jpg,15
ค่าจ้างชัวคราว 1 อัตรา,546,922,214,35,055.jpg,15
"86,800",1333,933,77,27,055.jpg,15
บาท,1416,935,50,22,055.jpg,15
,424,982,91,24,055.jpg,16
เงินเพิมการครองชีพชั่วคราวของลูกจ้างชัวคราว,547,971,424,43,055.jpg,16
"9,200",1345,982,66,27,055.jpg,16
บาท,1416,984,50,22,055.jpg,16
02103-1,424,1031,91,25,055.jpg,17
เงินช่วยเหลือค่าครองชีพของลูกจ้างชั่วคราว,547,1020,392,43,055.jpg,17
"19,200",1335,1031,75,27,055.jpg,17
บาท,1416,1033,50,22,055.jpg,17
1.4 ค่าตอบแทน ใช้สอยและวัสดุ,339,1073,310,39,055.jpg,18
"5,760",1189,1078,68,29,055.jpg,18
บาท,1262,1082,53,22,055.jpg,18
03217-1,424,1129,91,25,055.jpg,19
เงินสมทบกองทุนประกันสังคม,547,1124,277,37,055.jpg,19
"5,760",1345,1130,66,27,055.jpg,19
บาท,1416,1132,50,22,055.jpg,19
2. งบดําเนินงาน,317,1221,163,30,055.jpg,20
"533,300",1163,1227,94,28,055.jpg,20
บาท,1262,1229,53,22,055.jpg,20
ค่าตอบแทน ใช้สอยและวัสดุ,340,1270,272,39,055.jpg,21
"533,300",1163,1275,94,28,055.jpg,21
ขบาท,1262,1279,53,22,055.jpg,21
ค่าใช้สอย,340,1319,99,31,055.jpg,22
"533,300",1163,1325,94,28,055.jpg,22
ขบาท,1263,1328,52,22,055.jpg,22
ค่าจ้างเหมาบริการเป็นรายบุคคล,546,1366,299,40,055.jpg,23
,906,97,37,24,056.jpg,0
งานป้องกันและควบคุมโรค,317,240,258,38,056.jpg,1
"2,288,760",1296,245,114,29,056.jpg,1
ขบาท,1415,248,52,22,056.jpg,1
1. งบบุคลากร,319,295,140,32,056.jpg,2
"2,118,760",1144,294,113,29,056.jpg,2
บาท,1262,297,53,22,056.jpg,2
1.1 เงินเดือน,339,338,131,30,056.jpg,3
"1,764,200",1146,342,111,29,056.jpg,3
บาท,1262,346,53,22,056.jpg,3
,424,393,91,24,056.jpg,4
อัตราเดิม 6 อัตรา,546,388,167,29,056.jpg,4
"1,647,080",1305,392,105,28,056.jpg,4
บาท,1416,395,50,22,056.jpg,4
,424,442,91,24,056.jpg,5
ao a 8.เงินนเลอนขน,547,429,116,37,056.jpg,5
"98,800",1333,442,77,27,056.jpg,5
บาท,1416,444,50,22,056.jpg,5
,424,491,91,24,056.jpg,6
เงินค่าตอบแทนรายเดือนของข้าราชการ,547,484,360,31,056.jpg,6
"16,800",1335,491,75,27,056.jpg,6
บาท,1416,493,50,22,056.jpg,6
,424,540,91,24,056.jpg,7
เงินเพิมการครองชีพชั่วคราวของข้าราชการ,547,529,388,35,056.jpg,7
"1,200",1347,541,64,27,056.jpg,7
บาท,1416,543,50,22,056.jpg,7
,424,589,91,24,056.jpg,8
เงินช่วยเหลือค่าครองชีพของข้าราชการ,547,582,356,31,056.jpg,8
320,1364,590,46,25,056.jpg,8
บาท,1416,592,50,22,056.jpg,8
1.2 ค่าจ้างประจํา,339,633,172,30,056.jpg,9
"233,600",1163,636,94,29,056.jpg,9
บาท,1262,641,53,22,056.jpg,9
,424,687,91,24,056.jpg,10
อัตราเดิม 1 อัตรา,546,682,167,29,056.jpg,10
"197,440",1322,687,88,28,056.jpg,10
บาท,1416,690,50,22,056.jpg,10
,424,736,91,24,056.jpg,11
เงินเพิ่มค่าจ้างประจํา,547,725,195,35,056.jpg,11
"11,840",1335,736,75,28,056.jpg,11
บาท,1416,739,50,22,056.jpg,11
,424,785,91,24,056.jpg,12
เงินเพิมการครองชีพชั่วคราวของลูกจ้างประจํา,547,774,415,43,056.jpg,12
"20,280",1333,786,77,27,056.jpg,12
บาท,1416,788,50,22,056.jpg,12
,424,834,91,24,056.jpg,13
เงินช่วยเหลือค่าครองชีพของลูกจ้างประจํา,547,827,383,39,056.jpg,13
"4,040",1345,834,66,28,056.jpg,13
บาท,1416,837,50,22,056.jpg,13
1.3 ค่าจ้างชัวคราว,339,873,186,35,056.jpg,14
"115,200",1165,883,92,28,056.jpg,14
บาท,1262,886,53,22,056.jpg,14
,424,933,91,24,056.jpg,15
ค่าจ้างชัวคราว 1 อัตรา,546,922,214,35,056.jpg,15
"86,800",1333,933,77,27,056.jpg,15
บาท,1416,935,50,22,056.jpg,15
,424,982,91,24,056.jpg,16
เงินเพิมการครองชีพชั่วคราวของลูกจ้างชัวคราว,547,971,424,43,056.jpg,16
"9,200",1345,982,66,27,056.jpg,16
บาท,1416,984,50,22,056.jpg,16
02103-1,424,1031,91,25,056.jpg,17
เงินช่วยเหลือค่าครองชีพของลูกจ้างชั่วคราว,547,1020,392,43,056.jpg,17
"19,200",1335,1031,75,27,056.jpg,17
บาท,1416,1033,50,22,056.jpg,17
1.4 ค่าตอบแทน ใช้สอยและวัสดุ,339,1073,310,39,056.jpg,18
"5,760",1189,1078,68,29,056.jpg,18
บาท,1262,1082,53,22,056.jpg,18
03217-1,424,1129,91,25,056.jpg,19
เงินสมทบกองทุนประกันสังคม,547,1124,277,37,056.jpg,19
"5,760",1345,1130,66,27,056.jpg,19
บาท,1416,1132,50,22,056.jpg,19
3. งบลงทุน,317,1227,118,32,056.jpg,20
"170,000",1165,1227,92,28,056.jpg,20
บาท,1262,1229,53,22,056.jpg,20
"»,นและสิงก่อสร้าง(๕=",340,1266,275,43,056.jpg,21
"170,000",1165,1275,92,28,056.jpg,21
ขบาท,1262,1279,53,22,056.jpg,21
,340,1319,114,39,056.jpg,22
"170,000",1165,1325,92,28,056.jpg,22
บาท,1262,1328,53,22,056.jpg,22
,424,1374,91,24,056.jpg,23
al          =         ~      alเครื่องพ่นสารเคมีชนิดหมอกควัน 2 เครื่อง,547,1363,377,35,056.jpg,23
"170,000",1322,1375,88,27,056.jpg,23
บาท,1416,1377,50,22,056.jpg,23
,906,98,37,24,057.jpg,0
งานบริหารทัวไปฝ่ายการศึกษา,317,235,293,35,057.jpg,1
"12376,830",1285,245,125,29,057.jpg,1
บาท,1415,248,53,22,057.jpg,1
1. งบบุคลากร,319,295,140,32,057.jpg,2
"4,798,000",1144,294,113,29,057.jpg,2
บาท,1262,297,53,22,057.jpg,2
1.1 เงินเดือน,347,338,130,30,057.jpg,3
"1,913,700",1146,343,111,28,057.jpg,3
ขบาท,1270,346,53,22,057.jpg,3
,432,393,91,24,057.jpg,4
อัตราเดิม 9 อัตรา,553,388,168,29,057.jpg,4
"1,772,750",1305,393,105,27,057.jpg,4
บาท,1423,395,50,22,057.jpg,4
,432,442,91,24,057.jpg,5
ao a 8.เงินนเลอนขน,554,429,116,37,057.jpg,5
"106,400",1322,441,88,28,057.jpg,5
บาท,1423,444,50,22,057.jpg,5
,432,491,91,24,057.jpg,6
เงินค่าตอบแทนรายเดือนของข้าราชการ,554,484,360,31,057.jpg,6
"21,000",1333,491,77,27,057.jpg,6
บาท,1423,493,50,22,057.jpg,6
,432,540,91,24,057.jpg,7
เงินเพิมการครองชีพชั่วคราวของข้าราชการ,554,529,389,35,057.jpg,7
"10,550",1335,541,75,27,057.jpg,7
บาท,1423,543,50,22,057.jpg,7
,432,589,91,24,057.jpg,8
เงินช่วยเหลือค่าครองชีพของข้าราชการ,554,582,356,31,057.jpg,8
"3,000",1346,590,65,27,057.jpg,8
บาท,1423,592,50,22,057.jpg,8
1.2 ค่าจ้างประจํา,339,633,172,30,057.jpg,9
"1,672,100",1146,636,111,29,057.jpg,9
บาท,1262,641,53,22,057.jpg,9
,424,687,91,24,057.jpg,10
อัตราเดิม 8 อัตรา,546,682,167,29,057.jpg,10
"1,485,050",1305,687,105,28,057.jpg,10
บาท,1416,690,50,22,057.jpg,10
,424,736,91,24,057.jpg,11
เงินเพิ่มค่าจ้างประจํา,547,725,195,35,057.jpg,11
"89,100",1333,737,77,27,057.jpg,11
บาท,1416,739,50,22,057.jpg,11
,424,785,91,24,057.jpg,12
เงินเพิมการครองชีพชั่วคราวของลูกจ้างประจํา,547,774,415,43,057.jpg,12
"52,000",1333,786,77,27,057.jpg,12
บาท,1416,788,50,22,057.jpg,12
,424,834,91,24,057.jpg,13
เงินช่วยเหลือค่าครองชีพของลูกจ้างประจํา,547,827,383,39,057.jpg,13
"45,950",1333,834,77,28,057.jpg,13
บาท,1416,837,50,22,057.jpg,13
1.3 ค่าจ้างชัวคราว,339,873,186,35,057.jpg,14
"1,152,000",1146,883,111,28,057.jpg,14
บาท,1262,886,53,22,057.jpg,14
,424,933,91,24,057.jpg,15
ค่าจ้างชัวคราว 8 อัตรา,546,922,214,35,057.jpg,15
"834,250",1320,932,90,28,057.jpg,15
บาท,1416,935,50,22,057.jpg,15
,424,982,91,24,057.jpg,16
เงินเพิมการครองชีพชั่วคราวของลูกจ้างชัวคราว,547,971,424,43,057.jpg,16
"125,750",1322,982,88,27,057.jpg,16
บาท,1416,984,50,22,057.jpg,16
02103-1,424,1031,91,25,057.jpg,17
เงินช่วยเหลือค่าครองชีพของลูกจ้างชั่วคราว,547,1020,392,43,057.jpg,17
"192,000",1322,1031,88,27,057.jpg,17
บาท,1416,1033,50,22,057.jpg,17
1.4 ค่าตอบแทน ใช้สอยและวัสดุ,339,1073,310,39,057.jpg,18
"60,200",1176,1078,81,29,057.jpg,18
บาท,1262,1082,53,22,057.jpg,18
03217-1,424,1129,91,25,057.jpg,19
เงินสมทบกองทุนประกันสังคม,547,1124,277,37,057.jpg,19
"57,600",1333,1130,77,27,057.jpg,19
บาท,1416,1132,50,22,057.jpg,19
03611-1,424,1178,91,25,057.jpg,20
"1,เคซี่.     1คาเครองแตงกาย",546,1167,161,35,057.jpg,20
"2,600",1345,1179,66,27,057.jpg,20
บาท,1416,1181,50,22,057.jpg,20
2. งบดําเนินงาน,317,1270,163,30,057.jpg,21
"7,428,830",1144,1275,113,29,057.jpg,21
บาท,1262,1278,53,22,057.jpg,21
2.1 ค่าตอบแทน ใช้สอยและวัสดุ,337,1319,312,39,057.jpg,22
"5,786,130",1144,1324,113,29,057.jpg,22
บาท,1262,1328,53,22,057.jpg,22
2.1.1 ค่าตอบแทน,377,1370,181,29,057.jpg,23
"86,000",1176,1373,81,29,057.jpg,23
บาท,1262,1377,53,22,057.jpg,23
ค่าอาหารทําการนอกเวลา,546,1418,238,29,057.jpg,24
2.1.2 ค่าใช้สอย,377,1466,158,31,057.jpg,25
"5,466,000",1144,1471,113,29,057.jpg,25
บาท,1262,1475,53,22,057.jpg,25
ค่าซ่อมแซมยานพาหนะ,546,1517,218,29,057.jpg,26
ต์.ค่าซ่อมแซมครุภัณฑ์,546,1564,188,39,057.jpg,27
ค่าใช้จ่ายในการจ้างเหมายามรักษาความปลอดภัย,546,1614,445,30,057.jpg,28
ในโรงเรียนสังกัดกรุงเทพมหานคร,544,1662,308,39,057.jpg,29
,906,97,36,24,058.jpg,0
2.1.3 ค่าวัสดุ,377,239,135,38,058.jpg,1
"234,130",1163,243,94,29,058.jpg,1
บาท,1262,247,53,22,058.jpg,1
ส่วนใหญ่เป็นค่าวัสดุสํานักงาน,546,285,274,40,058.jpg,2
iw 9    aiaค่าวัสดุในการผลิตสื่อการเรียนการสอน,546,331,352,43,058.jpg,3
ตามโครงการศูนย์วิชาการเขต,546,384,269,39,058.jpg,4
tw ก  a    ow  alคาว์สดุนามนเช้อเพลงและนามนหลอลน ฯลฯ,546,427,408,45,058.jpg,5
2.2 ค่าสาธารณูปโภค,337,484,207,39,058.jpg,6
"1,642,700",1146,488,111,29,058.jpg,6
บาท,1262,492,53,22,058.jpg,6
ค่าไฟฟ้า,546,531,83,31,058.jpg,7
ค่านําประปา,546,574,122,37,058.jpg,8
ค่าโทรศัพท์,546,629,112,31,058.jpg,9
3. งบรายจ่ายอิน,317,724,166,35,058.jpg,10
"150,000",1165,735,92,28,058.jpg,10
บาท,1262,737,53,22,058.jpg,10
07103-1,424,784,91,25,058.jpg,11
(1) ค่าใช้จ่ายในการประชุมครู,546,778,272,38,058.jpg,11
"4,800",1345,783,66,28,058.jpg,11
บาท,1416,786,50,22,058.jpg,11
07103-2,424,833,92,25,058.jpg,12
(2) ค่าใช้จ่ายในการฝึกอบรมนายหมู่ลูกเสือสามัญ,546,826,442,39,058.jpg,12
นใหญ่และหัวหน้าหน่วยยุวกาชาด,575,876,380,38,058.jpg,13
"113,000",1322,883,88,27,058.jpg,13
บาท,1416,885,50,22,058.jpg,13
,424,931,91,24,058.jpg,14
(3) ค่าใช้จ่ายในการพัฒนาคุณภาพการดําเนินงาน,546,925,444,38,058.jpg,14
ศูนย์วิชาการเขต,575,973,153,39,058.jpg,15
"32,200",1334,981,76,27,058.jpg,15
บาท,1416,983,50,22,058.jpg,15
,906,96,37,25,059.jpg,0
งานงบประมาณโรงเรียน,317,240,235,30,059.jpg,1
"20,618,670",1283,245,127,29,059.jpg,1
บาท,1415,248,53,22,059.jpg,1
1. งบบุคลากร,319,295,140,32,059.jpg,2
"4,795,400",1144,294,113,29,059.jpg,2
บาท,1262,297,53,22,059.jpg,2
1.1 เงินเดือน,339,338,131,30,059.jpg,3
"1,913,700",1146,343,111,28,059.jpg,3
บาท,1262,346,53,22,059.jpg,3
,424,393,91,24,059.jpg,4
อัตราเดิม 9 อัตรา,546,388,167,29,059.jpg,4
"1,772,750",1305,392,105,27,059.jpg,4
บาท,1416,394,50,22,059.jpg,4
,424,439,91,24,059.jpg,5
ao a 8เงินนเลอนขน,547,426,116,37,059.jpg,5
"106,400",1322,438,88,28,059.jpg,5
บาท,1416,441,50,22,059.jpg,5
,424,486,91,24,059.jpg,6
เงินค่าตอบแทนรายเดือนของข้าราชการ,547,479,360,31,059.jpg,6
"21,000",1333,486,77,27,059.jpg,6
บาท,1416,488,50,22,059.jpg,6
,424,533,91,24,059.jpg,7
เงินเพิมการครองชีพชั่วคราวของข้าราชการ,547,522,388,35,059.jpg,7
"10,550",1335,533,75,27,059.jpg,7
บาท,1416,535,50,22,059.jpg,7
,424,580,91,24,059.jpg,8
เงินช่วยเหลือค่าครองชีพของข้าราชการ,547,573,356,31,059.jpg,8
"3,000",1346,580,65,27,059.jpg,8
บาท,1416,582,50,22,059.jpg,8
1.2 ค่าจ้างประจํา,339,622,172,30,059.jpg,9
"1,672,100",1146,625,111,29,059.jpg,9
บาท,1262,630,53,22,059.jpg,9
,424,676,91,24,059.jpg,10
อัตราเดิม 8 อัตรา,546,671,167,29,059.jpg,10
"1,485,050",1305,675,105,28,059.jpg,10
บาท,1416,678,50,22,059.jpg,10
,424,723,91,24,059.jpg,11
เงินเพิ่มค่าจ้างประจํา,547,712,195,35,059.jpg,11
"89,100",1333,723,77,27,059.jpg,11
บาท,1416,725,50,22,059.jpg,11
,424,770,91,24,059.jpg,12
เงินเพิมการครองชีพชัวคราวของลูกจ้างประจํา,547,759,415,43,059.jpg,12
"52,000",1333,769,77,27,059.jpg,12
บาท,1416,771,50,22,059.jpg,12
,424,817,91,24,059.jpg,13
เงินช่วยเหลือค่าครองชีพของลูกจ้างประจํา,547,810,383,39,059.jpg,13
"45,950",1333,815,77,28,059.jpg,13
บาท,1416,818,50,22,059.jpg,13
1.3 ค่าจ้างชัวคราว,339,853,186,35,059.jpg,14
"1,152,000",1146,863,111,28,059.jpg,14
บาท,1262,866,53,22,059.jpg,14
,424,913,91,24,059.jpg,15
ค่าจ้างชัวคราว 8 อัตรา,546,902,214,35,059.jpg,15
"834,250",1320,912,90,28,059.jpg,15
บาท,1416,915,50,22,059.jpg,15
,424,962,91,24,059.jpg,16
เงินเพิมการครองชีพชั่วคราวของลูกจ้างชัวคราว,547,951,424,43,059.jpg,16
"125,750",1322,962,88,27,059.jpg,16
บาท,1416,964,50,22,059.jpg,16
02103-1,424,1011,91,25,059.jpg,17
เงินช่วยเหลือค่าครองชีพของลูกจ้างชั่วคราว,547,1000,392,43,059.jpg,17
"192,000",1322,1011,88,27,059.jpg,17
บาท,1416,1013,50,22,059.jpg,17
1.4 ค่าตอบแทน ใช้สอยและวัสดุ,339,1053,310,39,059.jpg,18
"57,600",1176,1058,81,29,059.jpg,18
บาท,1262,1062,53,22,059.jpg,18
03217-1,424,1109,91,25,059.jpg,19
เงินสมทบกองทุนประกันสังคม,547,1104,277,37,059.jpg,19
"57,600",1333,1110,77,27,059.jpg,19
บาท,1416,1112,50,22,059.jpg,19
2. งบดําเนินงาน,317,1187,163,30,059.jpg,20
"8,099,270",1144,1193,113,28,059.jpg,20
บาท,1262,1195,53,22,059.jpg,20
2.1 ค่าตอบแทน ใช้สอยและวัสดุ,337,1236,312,39,059.jpg,21
"6,456,570",1144,1241,113,29,059.jpg,21
ขบาท,1262,1245,53,22,059.jpg,21
2.1.1 ค่าตอบแทน,377,1287,181,29,059.jpg,22
"1,920,000",1146,1291,111,28,059.jpg,22
บาท,1262,1294,53,22,059.jpg,22
,546,1335,102,29,059.jpg,23
2.1.2 ค่าใช้สอย,377,1383,158,31,059.jpg,24
"4,395,600",1144,1388,113,29,059.jpg,24
บาท,1262,1392,53,22,059.jpg,24
an    al   a     eo    aค่าซ่อมแซมเครื่องดนตรีและอุปกรณ์ ค่าซ่อมแซมโรงเรียน,546,1428,516,43,059.jpg,25
ค่าจ้างเหมาบริษัทเอกชนทําความสะอาด,546,1482,365,30,059.jpg,26
ในโรงเรียนสังกัดกรุงเทพมหานคร,544,1530,308,39,059.jpg,27
"ot     al       =         a,ค่าซ่อมเครื่องคอมพิวเตอร์โรงเรียน",546,1575,316,35,059.jpg,28
2.1.3 ค่าวัสดุ,377,1630,135,38,059.jpg,29
"140,970",1165,1633,92,29,059.jpg,29
บาท,1262,1638,53,22,059.jpg,29
ค่าวัสดุการสอนวิทยาศาสตร์,546,1677,260,39,059.jpg,30
0            al         wค่าวัสดุอุปกรณ์เครื่องใช้  วนตัวของเด็กอนุบาล,546,1722,417,43,059.jpg,31
iad    เลิดเวิค่าเครื่องหมายวิชาพิเศษลูกเสือ เนตรนารี ยุวกาชาด,546,1771,466,43,059.jpg,32
"1,เคซี่.    yw      st  ywคาเครองหมายสัญ) ักษณ์ของสถานศึกษาสังกัดกรุงเทพมหานคร",546,1820,570,43,059.jpg,33
,906,96,36,25,060.jpg,0
2.2 ค่าสาธารณูปโภค,337,240,207,39,060.jpg,1
"1,642,700",1146,244,111,29,060.jpg,1
บาท,1262,248,53,22,060.jpg,1
ค่าไฟฟ้า,546,287,83,31,060.jpg,2
ค่านําประปา,546,331,122,37,060.jpg,3
ค่าโทรศัพท์,546,386,112,31,060.jpg,4
3. งบลงทุน,317,491,118,32,060.jpg,5
"241,400",1163,490,94,29,060.jpg,5
บาท,1262,493,53,22,060.jpg,5
"»,นและสิงก่อสร้าง(๕=",340,530,275,43,060.jpg,6
"241,400",1163,538,94,29,060.jpg,6
ขบาท,1262,543,53,22,060.jpg,6
,340,583,114,39,060.jpg,7
"241,400",1163,587,94,29,060.jpg,7
บาท,1262,592,53,22,060.jpg,7
6โรงเรียนวัดสุทัศน์,544,632,168,39,060.jpg,8
,424,687,91,24,060.jpg,9
"al   ซ,          A        a &(1) เครื่องปรับอากาศ แบบแยกส่วน (ราคารวมค่าติดตัง)",546,674,504,39,060.jpg,9
"oy                               alแบบตังพื้นหรือแบบแขวน ขนาด 44,000 Diy 1 เครื่อง",576,721,500,45,060.jpg,10
"53,300",1333,734,77,27,060.jpg,10
บาท,1416,736,50,22,060.jpg,10
,424,781,105,24,060.jpg,11
"al   ซ,          1        a &(2) เครื่องปรับอากาศ แบบแยกส่วน (ราคารวมค่าติดตัง)",546,768,504,39,060.jpg,11
odแบบตังพื้นหรือแบบแขวน (ระบบ Inverter),576,815,397,39,060.jpg,12
"ขนาด 36,000 ปีทียู 1 เครื่อง",575,864,266,43,060.jpg,13
"54,200",1333,873,77,28,060.jpg,13
บาท,1416,876,50,22,060.jpg,13
05101-23,424,921,106,25,060.jpg,14
"al   ซ,          1        a &(3) เครื่องปรับอากาศ แบบแยกส่วน (ราคารวมค่าติดตัง)",546,908,504,39,060.jpg,14
"ge                               alแบบตังพื้นหรือแบบแขวน ขนาด 15,000 Tiley 1 เครื่อง",576,955,500,45,060.jpg,15
"25,900",1333,968,77,27,060.jpg,15
บาท,1416,970,50,22,060.jpg,15
โรงเรียนวัดมหาธาตุ,544,1055,185,39,060.jpg,16
,424,1111,92,24,060.jpg,17
"al   ซ,          A        a &(4) เครื่องปรับอากาศ แบบแยกส่วน (ราคารวมค่าติดตัง)",546,1098,504,39,060.jpg,17
"ge                               alแบบตังพื้นหรือแบบแขวน ขนาด 50,000 ปีทียู 1 เครื่อง",576,1147,500,45,060.jpg,18
"57,000",1333,1161,77,27,060.jpg,18
บาท,1416,1163,50,22,060.jpg,18
,424,1209,91,24,060.jpg,19
"al   ซ,          1        a &(5) เครื่องปรับอากาศ แบบแยกส่วน (ราคารวมค่าติดตัง)",546,1196,504,39,060.jpg,19
"ge                               alแบบตังพื้นหรือแบบแขวน ขนาด 40,000 Tiley 1 เครื่อง",576,1245,500,45,060.jpg,20
"51,000",1333,1259,77,27,060.jpg,20
บาท,1416,1261,50,22,060.jpg,20
4. งบเงินอุดหนุน,317,1352,169,37,060.jpg,21
"6,254,800",1144,1356,113,29,060.jpg,21
ขบาท,1262,1359,53,22,060.jpg,21
06104-1,424,1405,91,25,060.jpg,22
ทุนอาหารกลางวันนักเรียน,546,1399,246,39,060.jpg,22
"1,316,800",1305,1406,105,27,060.jpg,22
บาท,1416,1408,50,22,060.jpg,22
,424,1455,91,24,060.jpg,23
ค่าอาหารเช้าของนักเรียนในโรงเรียนสังกัดกรุงเทพมหานคร,546,1448,530,39,060.jpg,23
"4,938,000",1303,1454,107,28,060.jpg,23
บาท,1416,1457,50,22,060.jpg,23
5. งบรายจ่ายอิน,317,1542,166,35,060.jpg,24
"1,227,800",1146,1553,111,28,060.jpg,24
บาท,1262,1555,53,22,060.jpg,24
07124-1,424,1601,91,25,060.jpg,25
(1) ค่าใช้จ่ายในการจัดประชุมสัมมนาคณะกรรมการ,546,1596,467,38,060.jpg,25
ซี.     oe             yeสถานศึกษาขั้นพื้นฐานโรงเรีย นสังกัดกรุงเทพมหานคร,582,1638,480,45,060.jpg,26
"94,500",1333,1651,77,28,060.jpg,26
บาท,1416,1654,50,22,060.jpg,26
,424,1700,91,24,060.jpg,27
(2) ค่าใช้จ่ายในการสัมมนาประธานกรรมการเครือข่าย,546,1693,486,33,060.jpg,27
Ea         aw            ywผู้ปกครองเพื่อพัฒนาโรงเรียนสังกัดกรุงเทพมหานคร,582,1738,466,43,060.jpg,28
"23,600",1333,1750,77,27,060.jpg,28
บาท,1416,1752,50,22,060.jpg,28
,906,96,38,25,061.jpg,0
,424,245,91,24,061.jpg,1
(3) ค่าใช้จ่ายในการส่งเสริมสนับสนุนให้นักเรียน,546,238,430,39,061.jpg,1
wy                    al              yสร้างสรรค์ผลงานเพื่อการเรียนรู้,582,283,294,43,061.jpg,2
"122,100",1322,295,88,27,061.jpg,2
บาท,1416,297,50,22,061.jpg,2
,424,344,91,24,061.jpg,3
@ ค่าใช้จ่ายตามโครงการเรียนฟรี เรียนดีอย่างมีคุณภาพ,546,337,511,39,061.jpg,3
โรงเรียนสังกัดกรุงเทพมหานคร,580,386,286,39,061.jpg,4
"987,600",1320,393,90,27,061.jpg,4
บาท,1416,395,50,22,061.jpg,4
