filename	line_num	text	x	y	width	height
029.jpg	0	123	797	110	46	23
029.jpg	1	งาน: ปกครอง	150	315	142	26
029.jpg	1	2,412,227	1235	317	116	27
029.jpg	1	บาท	1393	320	53	21
029.jpg	2	1.งบบุคลากร	152	364	144	30
029.jpg	2	1,664,611	1070	363	112	27
029.jpg	2	บาท	1248	366	53	21
029.jpg	3	1.1 เงินเดือน	152	403	133	29
029.jpg	3	1,235,026	1070	408	113	26
029.jpg	3	บาท	1248	411	53	21
029.jpg	4	01101-1	268	453	92	22
029.jpg	4	อัตราเดิม 3 อัตรา	402	448	171	29
029.jpg	4	1,097,096	1242	456	109	26
029.jpg	4	บาท	1395	459	51	20
029.jpg	5	01102-1	268	500	92	22
029.jpg	5	เงินเลื่อนขั้น	403	489	120	35
029.jpg	5	65,832	1272	503	79	26
029.jpg	5	บาท	1395	506	51	20
029.jpg	6	01106-1	268	547	92	23
029.jpg	6	เงินประจําตําแหน่ง	403	543	182	28
029.jpg	6	33,072	1272	549	79	26
029.jpg	6	บาท	1395	552	51	20
029.jpg	7	01107-1	268	594	92	23
029.jpg	7	เงินค่าตอบแทนรายเดือนของข้าราชการ	403	588	372	29
029.jpg	7	38,532	1272	596	79	26
029.jpg	7	บาท	1395	599	51	20
029.jpg	8	01109-1	268	641	92	23
029.jpg	8	เงินช่วยเหลือค่าครองชีพของข้าราชการ	403	635	367	29
029.jpg	8	494	1303	643	48	23
029.jpg	8	บาท	1395	646	51	20
029.jpg	9	1.2 ค่าจ้างประจํา| |	152	678	200	34
029.jpg	9	409,929	1087	687	96	27
029.jpg	9	บาท	1248	691	53	21
029.jpg	10	01201-1	268	733	92	22
029.jpg	10	อัตราเดิม 2 อัตรา	402	727	171	29
029.jpg	10	386,724	1259	735	92	26
029.jpg	10	บาท	1395	738	51	20
029.jpg	11	01202-1	268	780	92	22
029.jpg	11	เงินเพิ่มค่าจ้างประจํา	403	769	200	34
029.jpg	11	23,205	1272	782	78	26
029.jpg	11	บาท	1395	785	51	20
029.jpg	12	1.3 ค่าจ้างชั่วคราว| |	152	817	214	34
029.jpg	12	18,720	1103	827	80	26
029.jpg	12	บาท	1248	830	53	21
029.jpg	13	02101-1	268	872	92	22
029.jpg	13	ค่าจ้างชั่วคราว 1	402	862	161	34
029.jpg	13	อัตรา	563	867	58	29
029.jpg	13	13,559	1273	874	78	26
029.jpg	13	บาท	1395	877	51	20
029.jpg	14	02102-1	268	919	92	22
029.jpg	14	เงินเพิ่มการครองชีพชั่วคราวของลูกจ้างชั่วคราว	403	908	438	42
029.jpg	14	2,041	1285	921	64	26
029.jpg	14	บาท	1395	924	51	20
029.jpg	15	02103-1	268	966	92	23
029.jpg	15	เงินช่วยเหลือค่าครองชีพของลูกจ้างชั่วคราว	403	955	404	42
029.jpg	15	3,120	1285	968	66	26
029.jpg	15	บาท	1395	971	51	20
029.jpg	16	1.4 ค่าตอบแทน ใช้สอยและวัสดุ| |	152	1003	342	41
029.jpg	16	936	1133	1013	50	23
029.jpg	16	บาท	1248	1016	53	21
029.jpg	17	03217-1	268	1058	92	23
029.jpg	17	เงินสมทบกองทุนประกันสังคม	403	1052	287	37
029.jpg	17	936	1303	1060	48	23
029.jpg	17	บาท	1395	1063	51	20
029.jpg	18	2. งบดําเนินงาน	150	1150	166	28
029.jpg	18	395,616	1087	1155	96	26
029.jpg	18	บาท	1248	1157	53	21
029.jpg	19	2.1 ค่าตอบแทน ใช้สอยและวัสดุ	182	1195	321	36
029.jpg	19	89,102	1101	1200	83	26
029.jpg	19	บาท	1248	1203	53	21
029.jpg	20	ค่าตอบแทน	223	1243	124	27
029.jpg	20	89,102	1101	1246	83	26
029.jpg	20	บาท	1248	1249	53	21
029.jpg	21	ค่าอาหารทําการนอกเวลา	284	1288	244	28
029.jpg	22	2.2 ค่าสาธารณูปโภค|[ |	182	1328	236	42
029.jpg	22	306,514	1087	1337	97	27
029.jpg	22	บาท	1248	1341	53	21
029.jpg	23	ค่าโทรศัพท์เคลื่อนที่	268	1372	194	34
029.jpg	23	ค่าไฟฟ้าสํานักงาน	467	1377	177	29
029.jpg	24	ค่าน้าประปา	268	1418	125	35
029.jpg	25	3. งบรายจ่ายอื่น	150	1516	169	34
029.jpg	25	352000	1087	1527	96	26
029.jpg	25	บาท	1248	1529	53	21
029.jpg	26	07110-1	268	1571	92	23
029.jpg	26	ค่าใช้จ่ายเกี่ยวกับการสนับสนุนกิจการอาสาสมัครป้องกัน	402	1560	527	42
029.jpg	26	ภัยฝ่ายพลเรือน	402	1608	153	29
029.jpg	26	352,000	1259	1596	92	26
029.jpg	26	บาท	1395	1599	51	20
028.jpg	0	122	797	110	46	22
028.jpg	1	2.2 ค่าสาธารณูปโภค|[ |	150	357	236	42
028.jpg	1	2,051,286	1068	367	115	26
028.jpg	1	บาท	1248	370	53	21
028.jpg	2	ค่าโทรศัพท์เคลื่อนที่	268	402	194	34
028.jpg	2	ค่าไฟฟ้าสํานักงาน	467	407	177	29
028.jpg	3	ค่าน้าประปา	268	455	125	35
028.jpg	4	3. งบลงทุน	150	571	120	30
028.jpg	4	962,900	1087	571	96	26
028.jpg	4	บาท	1248	573	53	21
028.jpg	5	ค่าครุภัณฑ์ ที่ดินและสิ่งก่อสร้าง	183	605	309	41
028.jpg	5	962,900	1087	615	96	26
028.jpg	5	บาท	1248	618	53	21
028.jpg	6	ค่าครุภัณฑ์	183	655	114	37
028.jpg	6	962,900	1087	660	96	26
028.jpg	6	บาท	1248	664	53	21
028.jpg	7	05199-3	268	706	94	23
028.jpg	7	(0 ชุดเครื่องเสียงห้องประชุม 1	401	695	297	42
028.jpg	7	ชุด	697	708	36	29
028.jpg	7	479,800	1259	708	92	26
028.jpg	7	บาท	1395	711	51	20
028.jpg	8	05199-4	268	752	94	23
028.jpg	8	(2 ผ้าม่านพร้อมอุปกรณ์ติดตั้ง 1	401	741	306	43
028.jpg	8	ชุด	707	755	36	29
028.jpg	8	267,100	1259	755	92	26
028.jpg	8	บาท	1395	758	51	20
028.jpg	9	05203-1	268	799	92	23
028.jpg	9	(3) เครื่องถ่ายเอกสาร ระบบดิจิตอล (ขาว-ดํา)	401	789	428	35
028.jpg	10	ความเร็ว 30 แผ่นต่อนาที 1 เครื่อง	433	836	326	34
028.jpg	10	105,000	1260	848	91	26
028.jpg	10	บาท	1395	851	51	20
028.jpg	11	05218-2	268	893	94	23
028.jpg	11	(@) เครื่องพิมพ์สําเนาระบบดิจิตอล ความละเอียด	401	882	460	35
028.jpg	12	300%400 จุดต่อตารางนิ้ว	432	931	242	43
028.jpg	12	1 เครื่อง	675	932	85	34
028.jpg	12	111,000	1261	942	90	26
028.jpg	12	บาท	1395	945	51	20
038.jpg	0	132	797	110	46	23
038.jpg	1	ค่าซ่อมแซมเครื่องจักรกลและเครื่องทุ่นแรง	268	304	401	42
038.jpg	2	2.1.3 ค่าวัสดุ	190	360	137	36
038.jpg	2	2,697,570	1068	365	115	26
038.jpg	2	บาท	1248	368	53	21
038.jpg	3	ส่วนใหญ่เป็นค่าวัสดุน้ามันเชื้อเพลิงและน้้ามันหล่อลื่น	268	400	494	43
038.jpg	4	ค่าวัสดุในการรักษาความสะอาด และ	268	455	346	37
038.jpg	5	ค่าเครื่องแบบชุดปฏิบัติงาน ฯลฯ	268	499	307	42
038.jpg	6	2.2 ค่าสาธารณูปโภค|[ |	150	550	236	42
038.jpg	6	187,634	1089	559	95	27
038.jpg	6	บาท	1248	563	53	21
038.jpg	7	ค่าโทรศัพท์สํานักงาน	268	600	205	30
038.jpg	7	ค่าไฟฟ้าสํานักงาน	479	601	176	29
038.jpg	7	ค่าน้าประปา	661	595	125	35
038.jpg	8	งาน: เก็บขยะมูล ฝอยและขนถ่ายสิ่งปฏิ กูล	150	648	402	42
038.jpg	8	59,488,462	1222	658	129	27
038.jpg	8	บาท	1393	661	53	21
038.jpg	9	1.งบบุคลากร	152	706	144	30
038.jpg	9	40,821,153	1055	705	129	27
038.jpg	9	บาท	1248	708	53	21
038.jpg	10	1.1 เงินเดือน	152	745	133	29
038.jpg	10	1,944,681	1070	749	112	27
038.jpg	10	บาท	1248	753	53	21
038.jpg	11	01101-1	268	795	92	22
038.jpg	11	อัตราเดิม 5 อัตรา	402	789	171	29
038.jpg	11	1,814,376	1242	797	109	26
038.jpg	11	บาท	1395	800	51	20
038.jpg	12	01102-1	268	842	92	22
038.jpg	12	เงินเลื่อนขั้น	403	830	120	35
038.jpg	12	108,885	1261	844	89	26
038.jpg	12	บาท	1395	847	51	20
038.jpg	13	01107-1	268	889	92	23
038.jpg	13	เงินค่าตอบแทนรายเดือนของข้าราชการ	403	883	372	29
038.jpg	13	21,420	1272	891	79	26
038.jpg	13	บาท	1395	894	51	20
038.jpg	14	1.2 ค่าจ้างประจํา| |	152	926	200	34
038.jpg	14	27,581,463	1055	935	129	27
038.jpg	14	บาท	1248	939	53	21
038.jpg	15	01201-1	268	981	92	22
038.jpg	15	อัตราเดิม 127 อัตรา	402	975	196	29
038.jpg	15	24,926,454	1228	983	123	26
038.jpg	15	บาท	1395	986	51	20
038.jpg	16	01202-1	268	1028	92	22
038.jpg	16	เงินเพิ่มค่าจ้างประจํา	403	1017	200	34
038.jpg	16	1,495,575	1243	1030	107	26
038.jpg	16	บาท	1395	1033	51	20
038.jpg	17	01205-1	268	1075	92	23
038.jpg	17	เงินเพิ่มการครองชีพชั่วคราวของลูกจ้างประจํา	403	1064	428	42
038.jpg	17	495, 414	1259	1077	92	26
038.jpg	17	บาท	1395	1080	51	20
038.jpg	18	01206-1	268	1121	92	23
038.jpg	18	เงินช่วยเหลือค่าครองชีพของลูกจ้างประจํา	403	1116	394	37
038.jpg	18	272 136	1259	1124	92	26
038.jpg	18	บาท	1395	1127	51	20
038.jpg	19	01204-1	268	1168	92	22
038.jpg	19	เงินค่าตอบแทนรายเดือนของลูกจ้างประจํา	403	1163	399	37
038.jpg	19	391,884	1259	1171	92	26
038.jpg	19	บาท	1395	1174	51	20
038.jpg	20	1.3 ค่าจ้างชั่วคราว| |	152	1205	214	34
038.jpg	20	10,316,178	1057	1215	127	26
038.jpg	20	บาท	1248	1218	53	21
038.jpg	21	02101-1	268	1260	92	22
038.jpg	21	ค่าจ้างชั่วคราว 73 อัตรา	402	1250	232	34
038.jpg	21	7,539,534	1241	1263	110	26
038.jpg	21	บาท	1395	1266	51	20
038.jpg	22	02102-1	268	1307	92	22
038.jpg	22	เงินเพิ่มการครองชีพชั่วคราวของลูกจ้างชั่วคราว	403	1297	438	42
038.jpg	22	1,056,924	1243	1310	108	26
038.jpg	22	บาท	1395	1313	51	20
038.jpg	23	02103-1	268	1354	92	23
038.jpg	23	เงินช่วยเหลือค่าครองชีพของลูกจ้างชั่วคราว	403	1344	404	42
038.jpg	23	1,719,720	1243	1356	108	26
038.jpg	23	บาท	1395	1359	51	20
038.jpg	24	1.4 ค่าตอบแทน ใช้สอยและวัสดุ| |	152	1391	342	41
038.jpg	24	978,831	1087	1401	95	26
038.jpg	24	บาท	1248	1404	53	21
038.jpg	25	03217-1	268	1446	92	23
038.jpg	25	เงินสมทบกองทุนประกันสังคม	403	1441	287	37
038.jpg	25	515,814	1259	1449	92	26
038.jpg	25	บาท	1395	1452	51	20
038.jpg	26	03611-1	268	1493	92	23
038.jpg	26	ค่าเครื่องแต่งกาย	402	1483	168	34
038.jpg	26	70,980	1272	1495	79	26
038.jpg	26	บาท	1395	1498	51	20
038.jpg	27	03128-1	268	1540	92	23
038.jpg	27	เงินตอบแทนพิเศษของลูกจ้างประจํา	403	1534	341	37
038.jpg	27	392037	1259	1542	92	26
038.jpg	27	บาท	1395	1545	51	20
038.jpg	28	2. งบดําเนินงาน	150	1632	166	28
038.jpg	28	17,867,309	1057	1637	126	26
038.jpg	28	บาท	1248	1639	53	21
038.jpg	29	2.1 ค่าตอบแทน ใช้สอยและวัสดุ	150	1677	321	36
038.jpg	29	17,659,280	1057	1682	126	26
038.jpg	29	บาท	1248	1685	53	21
038.jpg	30	2.1.1 ค่าตอบแทน	190	1731	184	27
038.jpg	30	8,304,120	1068	1732	115	27
038.jpg	30	บาท	1248	1737	53	21
038.jpg	31	ค่าอาหารทําการนอกเวลา	268	1780	245	28
038.jpg	32	ค่าตอบแทนเจ้าหน้าที่เก็บขนไขมัน	268	1830	324	34
039.jpg	0	133	797	110	46	23
039.jpg	1	ค่าตอบแทนเจ้าหน้าที่เก็บขนมูลฝอย	268	304	341	42
039.jpg	2	ค่าตอบแทนเจ้าหน้าที่เก็บขนสิ่งปฏิกูล	268	360	354	42
039.jpg	3	2.1.2 ค่าใช้สอย	190	429	161	29
039.jpg	3	432,540	1087	433	96	27
039.jpg	3	บาท	1248	437	53	21
039.jpg	4	ค่าซ่อมแซมยานพาหนะ	268	480	225	28
039.jpg	5	ค่าซ่อมแซมครุภัณฑ์	268	535	194	38
039.jpg	6	ค่าซ่อมแซมเครื่องจักรกลและเครื่องทุ่นแรง	268	587	401	42
039.jpg	7	2.1.3 ค่าวัสดุ	190	712	137	36
039.jpg	7	8,922,620	1068	717	115	26
039.jpg	7	บาท	1248	720	53	21
039.jpg	8	ส่วนใหญ่เป็นค่าวัสดุน้ามันเชื้อเพลิงและน้้ามันหล่อลื่น	268	756	494	43
039.jpg	9	ค่าวัสดุยานพาหนะ ค่าเครื่องแบบชุดปฏิบัติงาน ฯลฯ	268	814	488	42
039.jpg	10	2.2 ค่าสาธารณูปโภค|[ |	150	872	236	42
039.jpg	10	208,029	1087	881	96	26
039.jpg	10	บาท	1248	885	53	21
039.jpg	11	ค่าโทรศัพท์สํานักงาน	268	920	205	30
039.jpg	12	ค่าไฟฟ้าสํานักงาน	268	968	177	29
039.jpg	13	ค่าน้าประปา	268	1009	125	35
039.jpg	14	3. งบลงทุน	150	1117	120	30
039.jpg	14	800,000	1087	1117	96	26
039.jpg	14	บาท	1248	1119	53	21
039.jpg	15	ครุภัณฑ์ ที่ดินและสิ่งก่อสร้าง	183	1151	283	41
039.jpg	15	800,000	1087	1161	96	26
039.jpg	15	บาท	1248	1164	53	21
039.jpg	16	ค่าครุภัณฑ์	183	1201	114	37
039.jpg	16	800,000	1087	1206	96	26
039.jpg	16	บาท	1248	1210	53	21
039.jpg	17	05129-1	268	1252	92	23
039.jpg	17	เรือไฟเบอร์กลาส ขนาด 246 เมตร พร้อมเครื่องยนต์ติดท้ายเรือ	403	1241	583	34
039.jpg	18	ขนาดไม่น้อยกว่า 40 แรงม้า 1 ลํา	402	1289	316	29
039.jpg	18	800,000	1259	1310	92	26
039.jpg	18	บาท	1395	1313	51	20
049.jpg	0	143	797	110	46	23
049.jpg	1	งาน: ระบายน้าและแก้ไขปัญหาน้้าท่วม	150	458	377	42
049.jpg	1	22,370,500	1222	471	128	26
049.jpg	1	บาท	1393	473	53	21
049.jpg	2	1.งบบุคลากร	152	517	144	30
049.jpg	2	13,275,900	1057	517	126	26
049.jpg	2	บาท	1248	519	53	21
049.jpg	3	1.2 ค่าจ้างประจํา| |	152	551	200	34
049.jpg	3	10,317,400	1057	560	126	27
049.jpg	3	บาท	1248	564	53	21
049.jpg	4	01201-1	268	606	92	22
049.jpg	4	อัตราเดิม 48 อัตรา	402	601	184	29
049.jpg	4	9,648,500	1241	609	110	26
049.jpg	4	บาท	1395	612	51	20
049.jpg	5	01202-1	268	653	92	22
049.jpg	5	เงินเพิ่มค่าจ้างประจํา	403	643	200	34
049.jpg	5	443,300	1259	656	92	26
049.jpg	5	บาท	1395	659	51	20
049.jpg	6	01205-1	268	700	92	23
049.jpg	6	เงินเพิ่มการครองชีพชั่วคราวของลูกจ้างประจํา	403	689	428	42
049.jpg	6	146,800	1261	702	90	26
049.jpg	6	บาท	1395	705	51	20
049.jpg	7	01206-1	268	747	92	23
049.jpg	7	เงินช่วยเหลือค่าครองชีพของลูกจ้างประจํา	403	741	394	37
049.jpg	7	78,800	1272	749	79	26
049.jpg	7	บาท	1395	752	51	20
049.jpg	8	1.3 ค่าจ้างชั่วคราว| |	152	784	214	34
049.jpg	8	2,664,000	1068	793	115	27
049.jpg	8	บาท	1248	797	53	21
049.jpg	9	02101-1	268	839	92	22
049.jpg	9	ค่าจ้างชั่วคราว 18 อัตรา	402	829	232	34
049.jpg	9	1,933,400	1243	841	108	26
049.jpg	9	บาท	1395	844	51	20
049.jpg	10	02102-1	268	886	92	22
049.jpg	10	เงินเพิ่มการครองชีพชั่วคราวของลูกจ้างชั่วคราว	403	875	438	42
049.jpg	10	286,600	1259	888	92	26
049.jpg	10	บาท	1395	891	51	20
049.jpg	11	02103-1	268	933	92	23
049.jpg	11	เงินช่วยเหลือค่าครองชีพของลูกจ้างชั่วคราว	403	922	404	42
049.jpg	11	444,000	1259	935	92	26
049.jpg	11	บาท	1395	938	51	20
049.jpg	12	1.4 ค่าตอบแทน ใช้สอยและวัสดุ| |	152	970	342	41
049.jpg	12	294,500	1087	979	96	27
049.jpg	12	บาท	1248	983	53	21
049.jpg	13	03217-1	268	1025	92	23
049.jpg	13	เงินสมทบกองทุนประกันสังคม	403	1019	287	37
049.jpg	13	133,200	1261	1027	90	26
049.jpg	13	บาท	1395	1030	51	20
049.jpg	14	03611-1	268	1072	92	23
049.jpg	14	ค่าเครื่องแต่งกาย	402	1061	168	34
049.jpg	14	80,600	1272	1074	79	26
049.jpg	14	บาท	1395	1077	51	20
049.jpg	15	03128-1	268	1119	92	23
049.jpg	15	เงินตอบแทนพิเศษของลูกจ้างประจํา	403	1113	341	37
049.jpg	15	80,700	1272	1121	79	26
049.jpg	15	บาท	1395	1124	51	20
049.jpg	16	2. งบดําเนินงาน	150	1211	166	28
049.jpg	16	8,606,600	1068	1216	115	26
049.jpg	16	บาท	1248	1218	53	21
049.jpg	17	ค่าตอบแทน ใช้สอยและวัสดุ	183	1256	280	36
049.jpg	17	8,606,600	1068	1260	115	26
049.jpg	17	บาท	1248	1264	53	21
049.jpg	18	2.1 ค่าตอบแทน	190	1307	165	27
049.jpg	18	1,029,300	1070	1309	113	26
049.jpg	18	บาท	1248	1313	53	21
049.jpg	19	ค่าอาหารทําการนอกเวลา	268	1353	245	28
049.jpg	20	2.2 ค่าใช้สอย	190	1406	142	29
049.jpg	20	3,442,600	1068	1410	115	27
049.jpg	20	บาท	1248	1414	53	21
049.jpg	21	ค่าซ่อมแซมยานพาหนะ	268	1455	225	28
049.jpg	22	ค่าซ่อมแซมเครื่องจักรกลและเครื่องทุ่นแรง	268	1500	401	42
049.jpg	23	ค่าจ้างเหมาล้างทําความสะอาดท่อระบายน้้า	268	1550	412	35
049.jpg	24	2.3 ค่าวัสดุ	190	1610	118	36
049.jpg	24	4,134,700	1068	1614	115	27
049.jpg	24	บาท	1248	1618	53	21
049.jpg	25	ส่วนใหญ่เป็นค่าวัสดุน้ามันเชื้อเพลิงและน้้ามันหล่อลื่น	268	1652	494	43
049.jpg	26	ค่าวัสดุยานพาหนะ ค่าวัสดุอุปกรณ์ทําความสะอาด	268	1708	469	38
049.jpg	27	ท่อระบายน้้า ฯลฯ	268	1754	177	35
061.jpg	0	155	797	110	45	23
061.jpg	1	2.2 ค่าสาธารณูปโภค|[ |	150	305	236	42
061.jpg	1	5,315,703	1068	314	116	26
061.jpg	1	บาท	1248	318	53	21
061.jpg	2	ค่าโทรศัพท์เคลื่อนที่	268	349	194	34
061.jpg	2	ค่าไฟฟ้าโรงเรียน	467	354	164	29
061.jpg	3	ค่าน้าประปาโรงเรียน	268	403	204	35
061.jpg	3	ค่าโทรศัพท์โรงเรียน	477	408	192	30
061.jpg	4	3. งบลงทุน	150	472	120	30
061.jpg	4	2,161,670	1068	472	115	26
061.jpg	4	บาท	1248	474	53	21
061.jpg	5	ครุภัณฑ์ ที่ดินและสิ่งก่อสร้าง	183	506	283	41
061.jpg	5	2,161,670	1068	516	115	26
061.jpg	5	บาท	1248	519	53	21
061.jpg	6	3.1 ค่าครุภัณฑ์	182	555	155	37
061.jpg	6	452,670	1087	560	96	27
061.jpg	6	บาท	1248	564	53	21
061.jpg	7	05105-26	268	606	107	23
061.jpg	7	0 เครื่องคอมพิวเตอร์โน๊ตบุ๊ก สําหรับงานสํานักงาน	401	595	482	42
061.jpg	8	พร้อมโปรแกรมระบบปฏิบัติการ (05) แบบ 66	433	657	475	36
061.jpg	9	ที่มีลิขสิทธิ์ถูกต้องตามกฎหมาย 2 เครื่อง	433	698	375	43
061.jpg	10	(โรงเรียนสุเหร่าทรายกองดิน)	431	751	277	37
061.jpg	10	49,020	1272	759	79	26
061.jpg	10	บาท	1395	762	51	20
061.jpg	11	05131-12	268	803	107	23
061.jpg	11	(2) เครื่องขยายเสียง/พาวเวอร์แอมป์ ขนาดไม่น้อยกว่า	401	793	506	35
061.jpg	12	2000 วัตต์ 1	432	853	126	29
061.jpg	12	เครื่อง (โรงเรียนวังเล็กวิทยานุสรณ์)	559	849	330	42
061.jpg	12	26,000	1272	867	79	26
061.jpg	12	บาท	1395	870	51	20
061.jpg	13	05131-17	268	917	107	23
061.jpg	13	(3) เครื่องเสียงพกพา 3 ตัว (โรงเรียนคลองสาม)	401	906	443	35
061.jpg	13	4,350	1285	919	66	26
061.jpg	13	บาท	1395	922	51	20
061.jpg	14	05131-29	268	964	107	23
061.jpg	14	(0 ชุดเครื่องเสียง 1	401	953	191	42
061.jpg	14	ชุด (โรงเรียนวัดทองสัมฤทธิ์)	591	952	268	43
061.jpg	14	76,900	1272	966	79	26
061.jpg	14	บาท	1395	969	51	20
061.jpg	15	05131-38	268	1011	107	23
061.jpg	15	5 เครื่องมัลติมีเดียโปรเจคเตอร์ ระดับ 64	401	1000	418	35
061.jpg	16	ขนาด 3,000 51 85 1 เครื่อง	433	1058	352	37
061.jpg	17	(โรงเรียนสุเหร่าบางชัน)	431	1121	225	37
061.jpg	17	27,000	1272	1135	79	26
061.jpg	17	บาท	1395	1138	51	20
061.jpg	18	05143-10	268	1185	107	23
061.jpg	18	(6) โต๊ะทํางานระดับปฏิบัติงาน,ปฏิบัติการ,ชํานาญงาน,	401	1180	508	36
061.jpg	19	อาวุโส,ชํานาญการ 8 ชุด (โรงเรียนวัดใหม่ลํานกแขวก)	433	1238	498	37
061.jpg	19	72,000	1272	1252	79	26
061.jpg	19	บาท	1395	1255	51	20
061.jpg	20	05143-19	268	1302	107	23
061.jpg	20	(7 โต๊ะทํางานระดับปฏิบัติงาน,ปฏิบัติการ,ชํานาญงาน,	401	1296	508	36
061.jpg	21	อาวุโส,ชํานาญการ 3 ชุด (โรงเรียนบึงขวาง)	433	1353	403	37
061.jpg	21	27,000	1272	1366	79	26
061.jpg	21	บาท	1395	1369	51	20
061.jpg	22	05143-22	268	1415	107	23
061.jpg	22	(8) โต๊ะทํางานระดับปฏิบัติงาน,ปฏิบัติการ,ชํานาญงาน,	401	1410	508	36
061.jpg	23	อาวุโส,ชํานาญการ 5 ชุด (โรงเรียนศาลาคู้)	433	1466	394	37
061.jpg	23	45,000	1272	1474	79	26
061.jpg	23	บาท	1395	1477	51	20
061.jpg	24	05198-21	268	1519	105	23
061.jpg	24	(9) ตู้เหล็กบานเลื่อนกระจก 2 ตู้ (โรงเรียนศาลาคู้)	401	1508	465	42
061.jpg	24	10,400	1273	1521	78	26
061.jpg	24	บาท	1395	1524	51	20
061.jpg	25	05198-30	268	1566	107	23
061.jpg	25	(10) ตู้เหล็ก ประตู 2 บาน 5 ตู้ (โรงเรียนวัดทองสัมฤทธิ์)	401	1554	521	43
061.jpg	25	27,500	1272	1572	79	26
061.jpg	25	บาท	1395	1575	51	20
061.jpg	26	05203-25	268	1620	106	23
061.jpg	26	(11) เครื่องถ่ายเอกสาร ระบบดิจิตอล (ขาว-ดํา)	401	1610	441	35
061.jpg	27	ความเร็ว 20 แผ่นต่อนาที 1 เครื่อง	448	1668	326	34
061.jpg	28	(โรงเรียนสุเหร่าทรายกองดิน)	447	1731	276	37
061.jpg	28	87,500	1272	1745	79	26
061.jpg	28	บาท	1395	1748	51	20
060.jpg	0	154	797	110	46	23
060.jpg	1	งาน: งบประมาณโรงเรียน	150	368	254	29
060.jpg	1	87,992,450	1222	373	128	27
060.jpg	1	บาท	1393	376	53	21
060.jpg	2	1.งบบุคลากร	152	421	144	30
060.jpg	2	14,396,017	1057	420	127	27
060.jpg	2	บาท	1248	423	53	21
060.jpg	3	1.1 เงินเดือน	152	460	133	29
060.jpg	3	4,601,300	1068	464	115	27
060.jpg	3	บาท	1248	468	53	21
060.jpg	4	01101-1	268	510	92	22
060.jpg	4	อัตราเดิม 20 อัตรา	402	504	184	29
060.jpg	4	4,225,364	1241	512	110	26
060.jpg	4	บาท	1395	515	51	20
060.jpg	5	01102-1	268	557	92	22
060.jpg	5	เงินเลื่อนขั้น	403	545	120	35
060.jpg	5	304,736	1259	559	92	26
060.jpg	5	บาท	1395	562	51	20
060.jpg	6	01107-1	268	604	92	23
060.jpg	6	เงินค่าตอบแทนรายเดือนของข้าราชการ	403	598	372	29
060.jpg	6	37,380	1272	606	79	26
060.jpg	6	บาท	1395	609	51	20
060.jpg	7	01108-1	268	651	92	23
060.jpg	7	เงินเพิ่มการครองชีพชั่วคราวของข้าราชการ	403	640	401	34
060.jpg	7	26,878	1272	653	79	26
060.jpg	7	บาท	1395	656	51	20
060.jpg	8	01109-1	268	698	92	23
060.jpg	8	เงินช่วยเหลือค่าครองชีพของข้าราชการ	403	692	367	29
060.jpg	8	6,942	1285	700	66	26
060.jpg	8	บาท	1395	703	51	20
060.jpg	9	1.2 ค่าจ้างประจํา| |	152	735	200	34
060.jpg	9	5,409,4 20	1068	743	115	27
060.jpg	9	บาท	1248	748	53	21
060.jpg	10	01201-1	268	790	92	22
060.jpg	10	อัตราเดิม 29 อัตรา	402	784	184	29
060.jpg	10	4,675,526	1241	792	110	26
060.jpg	10	บาท	1395	795	51	20
060.jpg	11	01202-1	268	837	92	22
060.jpg	11	เงินเพิ่มค่าจ้างประจํา	403	826	200	34
060.jpg	11	281,418	1259	839	92	26
060.jpg	11	บาท	1395	842	51	20
060.jpg	12	01205-1	268	884	92	23
060.jpg	12	เงินเพิ่มการครองชีพชั่วคราวของลูกจ้างประจํา	403	873	428	42
060.jpg	12	317 196	1259	886	92	26
060.jpg	12	บาท	1395	889	51	20
060.jpg	13	01206-1	268	930	92	23
060.jpg	13	เงินช่วยเหลือค่าครองชีพของลูกจ้างประจํา	403	925	394	37
060.jpg	13	135,280	1261	933	90	26
060.jpg	13	บาท	1395	936	51	20
060.jpg	14	1.3 ค่าจ้างชั่วคราว| |	152	968	214	34
060.jpg	14	4,176,414	1068	976	116	27
060.jpg	14	บาท	1248	981	53	21
060.jpg	15	02101-1	268	1023	92	22
060.jpg	15	ค่าจ้างชั่วคราว 44 อัตรา	402	1012	232	34
060.jpg	15	4,176,414	1241	1025	110	26
060.jpg	15	บาท	1395	1028	51	20
060.jpg	16	1.4 ค่าตอบแทน ใช้สอยและวัสดุ| |	152	1060	342	41
060.jpg	16	208,883	1087	1069	97	26
060.jpg	16	บาท	1248	1073	53	21
060.jpg	17	03217-1	268	1115	92	23
060.jpg	17	เงินสมทบกองทุนประกันสังคม	403	1109	287	37
060.jpg	17	208,883	1259	1117	92	26
060.jpg	17	บาท	1395	1120	51	20
060.jpg	18	2. งบดําเนินงาน	150	1201	166	28
060.jpg	18	28,033,063	1055	1206	129	26
060.jpg	18	บาท	1248	1208	53	21
060.jpg	19	2.1 ค่าตอบแทน ใช้สอยและวัสดุ	150	1246	321	36
060.jpg	19	22,117,360	1055	1251	128	26
060.jpg	19	บาท	1248	1254	53	21
060.jpg	20	2.1.1 ค่าตอบแทน	190	1297	184	27
060.jpg	20	7,402,560	1068	1298	115	27
060.jpg	20	บาท	1248	1303	53	21
060.jpg	21	ค่าอาหารทําการนอกเวลา	268	1343	245	28
060.jpg	22	ค่าตอบแทนครูผู้สอนศาสนาอิสลามในโรงเรียนสังกัดกรุงเทพมหานคร	268	1393	638	37
060.jpg	23	ค่านิตยภัต	268	1444	106	29
060.jpg	24	2.1.2 ค่าใช้สอย	190	1499	161	29
060.jpg	24	14,450,700	1057	1502	126	27
060.jpg	24	บาท	1248	1507	53	21
060.jpg	25	ส่วนใหญ่เป็นค่าจ้างเหมาดูแลทรัพย์สินและรักษาความปลอดภัย	268	1545	587	38
060.jpg	26	ในโรงเรียนสังกัดกรุงเทพมหานคร ค่าจ้างทําความสะอาดอาคาร	266	1597	589	37
060.jpg	27	ค่าซ่อมแซมโรงเรียน ฯลฯ	268	1648	243	29
060.jpg	28	2.1.3 ค่าวัสดุ	190	1703	137	36
060.jpg	28	864,100	1087	1706	96	27
060.jpg	28	บาท	1248	1711	53	21
060.jpg	29	ส่วนใหญ่เป็นค่าวัสดุ อุปกรณ์	268	1749	274	38
060.jpg	29	เครื่องใช้ส่วนตัว ของเด็กอนุบาล	548	1745	302	42
060.jpg	30	ค่าสารกรองเครื่องกรองน้้า ค่าเครื่องหมายสัญลักษณ์	268	1795	490	40
060.jpg	31	ของสถานศึกษาสังกัดกรุง เทพมหานคร ฯลฯ	268	1852	408	37
048.jpg	0	142	797	110	46	22
048.jpg	1	05313-14	268	380	107	23
048.jpg	1	(2 ปรับปรุงซอยแยกร่มเกล้า 3 จากคลองบึงขวาง	401	375	465	37
048.jpg	2	ถึง สุดซอย แขวงแสนแสบ	433	431	241	37
048.jpg	2	2,162,000	1241	439	110	26
048.jpg	2	บาท	1395	442	51	20
048.jpg	3	- สร้างท่อระบายน้าชนิดกลมในผิวจราจร	431	472	382	35
048.jpg	4	ขนาดเส้นผ่าศูนย์กลาง 0.80 ม. ตามแบบ มน.-05	448	524	456	38
048.jpg	5	ยาวประมาณ 193 ม.	449	579	200	26
048.jpg	6	- สร้างบ่อพักท่อระบายน้้าในผิวจราจร	431	617	358	35
048.jpg	7	ขนาดเส้นผ่าศูนย์กลาง 0.80 ม. ตามแบบ มน.-05	448	669	456	38
048.jpg	8	พร้อมฝาเรียบ ตามแบบ มน.-05 จํานวน 15 แห่ง	448	724	453	29
048.jpg	9	- สร้างชั้นพื้นทาง 8 0 หินคลุก	431	769	413	43
048.jpg	10	บดอัดแน่นหนาเฉลี่ย 0.15 ม. ตามแบบ มท.-01	448	817	439	34
048.jpg	11	เนื้อที่ประมาณ 292 ตร.ม.	449	874	246	35
048.jpg	12	- สร้างผิวจราจร ค.ส.ล.	431	927	222	29
048.jpg	12	หนา 0.15 ม.	652	933	128	23
048.jpg	13	กว้างประมาณ 3 ม.	448	974	187	29
048.jpg	13	หรือตามสภาพ ตามแบบ	633	974	234	29
048.jpg	14	มท.-01 เนื้อที่ประมาณ 292 ตร.ม.	448	1025	322	35
048.jpg	15	- ก่อสร้างบ่อพักพร้อมประตูปิดกันนํา	431	1072	349	43
048.jpg	16	ขนาดเส้นผ่าศูนย์กลาง 0.80 ม. ตามแบบ	448	1133	382	38
048.jpg	17	เลขที่ บพ.80/49 จํานวน 1 แห่ง	449	1186	302	34
048.jpg	18	4. งบรายจ่ายอื่น	150	1283	169	34
048.jpg	18	3,000,000	1068	1294	115	26
048.jpg	18	บาท	1248	1296	53	21
048.jpg	19	07123-1	268	1337	92	23
048.jpg	19	ค่าใช้จ่ายในการซ่อมแซมป่ารุงรักษาถนน ตรอก ซอย และ	402	1332	533	37
048.jpg	20	สิ่งสาธารณประโยชน์ เพื่อแก้ไขปัญหาความเดือดร้อนของ	402	1370	530	39
048.jpg	20	3,000,000	1241	1387	110	26
048.jpg	20	บาท	1395	1390	51	20
048.jpg	21	ประชาชน	402	1421	102	26
062.jpg	0	156	797	110	46	23
062.jpg	1	3.2 ค่าที่ดินและสิ่งก่อสร้าง	182	310	263	34
062.jpg	1	1,709,000	1070	320	113	26
062.jpg	1	บาท	1248	323	53	21
062.jpg	2	05304-1	268	371	92	23
062.jpg	2	1 ปรับปรุงโรงเรียนบึงขวาง	401	365	272	37
062.jpg	2	177,000	1261	373	90	26
062.jpg	2	บาท	1395	376	51	20
062.jpg	3	- สร้างบ่อดักไขมันและเคาน์เตอร์ ค.ส.ล.จํานวน 1 แห่ง	439	411	509	30
062.jpg	4	ตามแบบและรายการเลขที่  มร.1/2565	456	462	363	34
062.jpg	5	05304-2	268	636	94	23
062.jpg	5	2 ปรับปรุงโรงเรียนวังเล็กวิทยานุสรณ์	401	629	366	38
062.jpg	5	467,000	1259	642	92	26
062.jpg	5	บาท	1395	645	51	20
062.jpg	6	- สร้างหลังคาคลุมทางเดิน ยาวประมาณ 28.5 ม.	439	685	455	37
062.jpg	7	- ปูตัวหนอนข้างสระน้้าและปรับพื้นปูหญ้า	439	733	393	43
062.jpg	8	เนื้อที่ประมาณ 400 ตร.ม.	457	788	245	35
062.jpg	9	ตามแบบและรายการเลขที่  มร.2/2565	456	843	363	34
062.jpg	10	05304-3	268	908	94	23
062.jpg	10	(3) ปรับปรุงโรงเรียนวัดใหม่ลํานกแขวก	401	903	366	37
062.jpg	10	175,000	1261	914	90	26
062.jpg	10	บาท	1395	917	51	20
062.jpg	11	- ปรับปรุงรางน้้าบริเวณหลังคาลานอเนกประสงค์	439	951	457	43
062.jpg	12	ความยาวประมาณ 58 ม.	456	1015	239	26
062.jpg	13	ตามแบบและรายการเลขที่  มร.3/2565	456	1061	363	34
062.jpg	14	05304-4	268	1126	94	23
062.jpg	14	(6) ปรับปรุงโรงเรียนคลองสาม	401	1120	290	37
062.jpg	14	236,000	1259	1132	92	26
062.jpg	14	บาท	1395	1135	51	20
062.jpg	15	- สร้างอาคารเก็บของโครงเหล็ก จํานวน 1	431	1174	392	30
062.jpg	15	หลัง	823	1175	48	29
062.jpg	16	ตามแบบและรายการเลขที่  มร.4/2565	456	1224	363	34
062.jpg	17	05304-6	268	1290	94	23
062.jpg	17	(5) ปรับปรุงโรงเรียนวัดบําเพ็ญเหนือ	401	1283	342	38
062.jpg	17	654,000	1259	1296	92	26
062.jpg	17	บาท	1395	1299	51	20
062.jpg	18	- สร้างถนน ค.ส.ล.	431	1338	180	29
062.jpg	18	หนาเฉลี่ย 0.15 ม. ตามแบบ	610	1333	266	34
062.jpg	19	มท.-01 ด้านหน้าอาคารพละศึกษา	448	1387	322	29
062.jpg	20	เนื้อที่ประมาณ 470 ตร.ม.	449	1430	246	35
062.jpg	21	- สร้างหลังคาคลุมทางเดิน จํานวน 1 แห่ง	431	1485	390	37
062.jpg	22	ตามแบบและรายการเลขที่  มร.5/2565	456	1528	363	34
062.jpg	23	4. งบเงินอุดหนุน	150	1636	172	35
062.jpg	23	37,834,200	1055	1640	128	27
062.jpg	23	บาท	1248	1643	53	21
062.jpg	24	06104-1	268	1684	92	23
062.jpg	24	(1) ทุนอาหารกลางวันนักเรียน	401	1679	288	37
062.jpg	24	11,557,200	1230	1690	121	26
062.jpg	24	บาท	1395	1693	51	20
062.jpg	25	06199-1	268	1739	92	23
062.jpg	25	(2) ค่าอาหารเช้าของนักเรียนในโรงเรียนสังกัด	401	1733	428	30
062.jpg	26	กรุงเทพมหานคร	441	1795	163	28
062.jpg	26	26,277,000	1228	1797	123	26
062.jpg	26	บาท	1395	1800	51	20
063.jpg	0	157	797	110	46	23
063.jpg	1	5. งบรายจ่ายอื่น	150	314	169	34
063.jpg	1	5,567,500	1068	325	115	26
063.jpg	1	บาท	1248	327	53	21
063.jpg	2	07199-1	268	369	92	23
063.jpg	2	1 ค่าใช้จ่ายตามโครงการเรียนฟรี เรียนดือย่างมีคุณภาพ	401	363	527	37
063.jpg	3	โรงเรียนสังกัดกรุงเทพมหานคร	430	418	295	37
063.jpg	3	5,255,400	1241	429	110	26
063.jpg	3	บาท	1395	432	51	20
063.jpg	4	07199-2	268	478	94	23
063.jpg	4	(2) ค่าใช้จ่ายโครงการเกษตรปลอดสารพิษ	401	472	396	30
063.jpg	4	10,000	1273	484	78	26
063.jpg	4	บาท	1395	487	51	20
063.jpg	5	07124-1	268	532	92	23
063.jpg	5	3 ค่าใช้จ่ายในการจัดประชุมสัมมนาคณะกรรมการ	401	527	481	37
063.jpg	6	สถานศึกษาขั้นพื้นฐานโรงเรียนสังกัดกรุงเทพมหานคร	433	575	495	43
063.jpg	6	107,700	1261	593	90	26
063.jpg	6	บาท	1395	596	51	20
063.jpg	7	07125-1	268	641	92	23
063.jpg	7	8 ค่าใช้จ่ายในการสัมมนาประธานกรรมการเครือข่าย	401	636	503	30
063.jpg	8	ผู้ปกครองเพื่อพัฒนาโรงเรียนสังกัดกรุงเทพมหานคร	433	685	481	42
063.jpg	8	30,100	1272	702	79	26
063.jpg	8	บาท	1395	705	51	20
063.jpg	9	07126-1	268	750	92	23
063.jpg	9	(5) ค่าใช้จ่ายในการส่งเสริมสนับสนุนให้นักเรียนสร้างสรรค์	401	744	541	38
063.jpg	10	ผลงานเพื่อการเรียนรู้	433	801	206	42
063.jpg	10	164,300	1261	809	90	26
063.jpg	10	บาท	1395	812	51	20
058.jpg	0	152	797	110	46	23
058.jpg	1	งาน: บริหารทั่วไปฝ่ายการศึกษา	150	307	314	34
058.jpg	1	3,523,820	1235	318	115	26
058.jpg	1	บาท	1393	320	53	21
058.jpg	2	1.งบบุคลากร	152	364	144	30
058.jpg	2	1,783,183	1070	364	114	26
058.jpg	2	บาท	1248	366	53	21
058.jpg	3	1.1 เงินเดือน	160	403	133	29
058.jpg	3	568,700	1087	408	96	26
058.jpg	3	บาท	1248	411	53	21
058.jpg	4	01101-1	276	453	92	22
058.jpg	4	อัตราเดิม 3 อัตรา	410	448	171	29
058.jpg	4	522,236	1259	459	92	26
058.jpg	4	บาท	1395	462	51	20
058.jpg	5	01102-1	276	506	92	22
058.jpg	5	เงินเลื่อนขั้น	411	494	119	35
058.jpg	5	37,664	1272	511	79	26
058.jpg	5	บาท	1395	514	51	20
058.jpg	6	011071	276	559	92	23
058.jpg	6	เงินค่าตอบแทนรายเดือนของข้าราชการ	411	553	372	29
058.jpg	6	4,620	1285	564	66	26
058.jpg	6	บาท	1395	567	51	20
058.jpg	7	01108-1	276	611	92	23
058.jpg	7	เงินเพิ่มการครองชีพชั่วคราวของข้าราชการ	411	600	400	34
058.jpg	7	3,322	1285	616	66	26
058.jpg	7	บาท	1395	619	51	20
058.jpg	8	01109-1	276	664	92	23
058.jpg	8	เงินช่วยเหลือค่าครองชีพของข้าราชการ	411	658	367	29
058.jpg	8	858	1303	669	48	23
058.jpg	8	บาท	1395	672	51	20
058.jpg	9	1.2 ค่าจ้างประจํา| |	152	707	200	34
058.jpg	9	668,580	1087	716	96	26
058.jpg	9	บาท	1248	720	53	21
058.jpg	10	01201-1	268	762	92	22
058.jpg	10	อัตราเดิม 4 อัตรา	402	756	171	29
058.jpg	10	577,874	1259	767	92	26
058.jpg	10	บาท	1395	770	51	20
058.jpg	11	01202-1	268	814	92	22
058.jpg	11	เงินเพิ่มค่าจ้างประจํา	403	804	200	34
058.jpg	11	34,782	1272	819	79	26
058.jpg	11	บาท	1395	822	51	20
058.jpg	12	01205-1	268	867	92	23
058.jpg	12	เงินเพิ่มการครองชีพชั่วคราวของลูกจ้างประจํา	403	856	428	42
058.jpg	12	39,204	1272	872	79	26
058.jpg	12	บาท	1395	875	51	20
058.jpg	13	01206-1	268	919	92	23
058.jpg	13	เงินช่วยเหลือค่าครองชีพของลูกจ้างประจํา	403	914	394	37
058.jpg	13	16,720	1273	924	78	26
058.jpg	13	บาท	1395	927	51	20
058.jpg	14	1.3 ค่าจ้างชั่วคราว| |	152	962	214	34
058.jpg	14	516,186	1087	972	96	26
058.jpg	14	บาท	1248	975	53	21
058.jpg	15	02101-1	268	1017	92	22
058.jpg	15	ค่าจ้างชั่วคราว 5 อัตรา	402	1007	219	34
058.jpg	15	516,186	1259	1019	92	26
058.jpg	15	บาท	1395	1022	51	20
058.jpg	16	1.4 ค่าตอบแทน ใช้สอยและวัสดุ| |	152	1057	342	41
058.jpg	16	29,717	1101	1067	83	26
058.jpg	16	บาท	1248	1070	53	21
058.jpg	17	03217-1	268	1115	92	23
058.jpg	17	เงินสมทบกองทุนประกันสังคม	403	1109	287	37
058.jpg	17	25,817	1272	1117	79	26
058.jpg	17	บาท	1395	1120	51	20
058.jpg	18	03611-1	268	1162	92	23
058.jpg	18	ค่าเครื่องแต่งกาย	402	1151	168	34
058.jpg	18	3,900	1285	1164	66	26
058.jpg	18	บาท	1395	1167	51	20
058.jpg	19	2. งบดําเนินงาน	150	1252	166	28
058.jpg	19	1,377,037	1070	1257	114	26
058.jpg	19	บาท	1248	1259	53	21
058.jpg	20	2.1 ค่าตอบแทน ใช้สอยและวัสดุ	150	1297	321	36
058.jpg	20	720,040	1087	1301	96	27
058.jpg	20	บาท	1248	1305	53	21
058.jpg	21	2.1.1 ค่าตอบแทน	190	1348	184	27
058.jpg	21	20,440	1101	1350	82	27
058.jpg	21	บาท	1248	1354	53	21
058.jpg	22	ค่าอาหารทําการนอกเวลา	268	1394	245	28
058.jpg	23	2.1.2 ค่าใช้สอย	190	1448	161	29
058.jpg	23	389,500	1087	1453	96	26
058.jpg	23	บาท	1248	1456	53	21
058.jpg	24	ค่าซ่อมแซมยานพาหนะ	268	1496	225	28
058.jpg	25	ค่าซ่อมแซมครุภัณฑ์	268	1545	194	38
058.jpg	26	ค่าจ้างเหมาบริการเป็นรายบุคคล	268	1596	311	38
058.jpg	27	2.1.3 ค่าวัสดุ	190	1652	137	36
058.jpg	27	310,100	1087	1657	96	26
058.jpg	27	บาท	1248	1660	53	21
058.jpg	28	ค่าวัสดุน้ามันเชื้อเพลิงและน้ามันหล่อลื่น	268	1693	375	43
058.jpg	29	ค่าวัสดุอุปกรณ์คอมพิวเตอร์	268	1749	263	38
058.jpg	30	ค่าวัสดุยานพาหนะ	268	1801	181	37
058.jpg	31	ค่าวัสดุสํานักงานประเภทเครื่องเขียน แบบพิมพ์	268	1847	443	42
059.jpg	0	153	797	110	46	23
059.jpg	1	2.2 ค่าสาธารณูปโภค|[ |	150	305	236	42
059.jpg	1	656,997	1087	314	97	26
059.jpg	1	บาท	1248	318	53	21
059.jpg	2	ค่าโทรศัพท์เคลื่อนที่	268	349	194	34
059.jpg	2	ค่าไฟฟ้าโรงเรียน	467	354	164	29
059.jpg	3	ค่าน้าประปาโรงเรียน	268	395	204	35
059.jpg	3	ค่าโทรศัพท์โรงเรียน	477	400	192	30
059.jpg	4	3. งบลงทุน	150	457	120	30
059.jpg	4	87500	1101	457	82	26
059.jpg	4	บาท	1248	459	53	21
059.jpg	5	ค่าครุภัณฑ์ ที่ดินและสิ่งก่อสร้าง	183	491	309	41
059.jpg	5	87500	1101	500	82	26
059.jpg	5	บาท	1248	504	53	21
059.jpg	6	ค่าครุภัณฑ์	183	540	114	37
059.jpg	6	87500	1101	546	82	26
059.jpg	6	บาท	1248	549	53	21
059.jpg	7	05203-9	268	591	94	23
059.jpg	7	เครื่องถ่ายเอกสาร ระบบดิจิตอล(ขาว-ดํา)	403	580	385	35
059.jpg	8	ความเร็ว 20 แผ่นต่อนาที 1 เครื่อง	402	623	326	34
059.jpg	8	87,500	1272	617	79	26
059.jpg	8	บาท	1395	620	51	20
059.jpg	9	5. งบรายจ่ายอื่น	150	724	169	34
059.jpg	9	276,100	1087	735	96	26
059.jpg	9	บาท	1248	737	53	21
059.jpg	10	07103-1	268	779	92	23
059.jpg	10	1 ค่าใช้จ่ายในการประชุมครู	401	773	280	37
059.jpg	10	15,500	1273	781	78	26
059.jpg	10	บาท	1395	784	51	20
059.jpg	11	07103-2	268	826	94	23
059.jpg	11	(2 ค่าใช้จ่ายในการฝึกอบรมนายหมู่ลูกเสือสามัญ	401	820	457	37
059.jpg	12	สามัญรุ่นใหญ่ และหัวหน้าหน่วยยุวกาชาด	433	877	392	37
059.jpg	12	226,000	1259	885	92	26
059.jpg	12	บาท	1395	888	51	20
059.jpg	13	07109-1	268	929	92	23
059.jpg	13	3 ค่าใช้จ่ายในการพัฒนาคุณภาพการดําเนินงาน	401	924	459	37
059.jpg	14	ศูนย์วิชาการเขต	433	979	158	38
059.jpg	14	34,600	1272	992	79	26
059.jpg	14	บาท	1395	995	51	20
054.jpg	0	148	797	110	46	23
054.jpg	1	3. งบรายจ่ายอื่น	150	464	169	34
054.jpg	1	8,542,500	1068	474	115	27
054.jpg	1	บาท	1248	477	53	21
054.jpg	2	07102-1	268	519	92	23
054.jpg	2	1 ค่าใช้จ่ายในการสนับสนุนการดําเนินงานของ	401	513	447	37
054.jpg	3	คณะกรรมการชุมชน	433	578	198	29
054.jpg	3	4,950,000	1241	583	110	26
054.jpg	3	บาท	1395	586	51	20
054.jpg	4	07199-1	268	632	92	23
054.jpg	4	(2) ค่าใช้จ่ายในการส่งเสริมกิจกรรมสโมสรกีฬาและ	401	627	474	30
054.jpg	5	ลานกีฬา	433	683	89	28
054.jpg	5	2,187,600	1241	696	110	26
054.jpg	5	บาท	1395	699	51	20
054.jpg	6	07199-2	268	746	94	23
054.jpg	6	3 ค่าใช้จ่ายในการสนับสนุนเจ้าหน้าที่เพื่อปฏิบัติงาน	401	735	496	42
054.jpg	7	ด้านเด็ก สตรี ผู้สูงอายุ คนพิการ และผู้ต้อยโอกาส	433	796	464	38
054.jpg	7	514,600	1259	809	92	26
054.jpg	7	บาท	1395	812	51	20
054.jpg	8	07199-3	268	859	94	23
054.jpg	8	(@ ค่าใช้จ่ายในการจ้างอาสาสมัครเจ้าหน้าที่ปฏิบัติงาน	401	849	509	41
054.jpg	9	ด้านพัฒนาสังคม	433	910	162	29
054.jpg	9	585,200	1259	923	92	26
054.jpg	9	บาท	1395	926	51	20
054.jpg	10	07199-4	268	973	94	23
054.jpg	10	(5) ค่าใช้จ่ายในการส่งเสริมกิจการสภาเด็กและเยาวชน	401	966	507	31
054.jpg	11	กรุงเทพมหานคร	433	1033	164	28
054.jpg	11	180,000	1261	1036	90	26
054.jpg	11	บาท	1395	1039	51	20
054.jpg	12	07199-5	268	1086	93	23
054.jpg	12	6 ค่าใช้จ่ายศูนย์ประสานงานธนาคารสมองของ	401	1079	449	38
054.jpg	13	กรุงเทพมหานคร	433	1148	164	28
054.jpg	13	10,000	1273	1152	78	26
054.jpg	13	บาท	1395	1155	51	20
054.jpg	14	07199-6	268	1203	94	23
054.jpg	14	7 ค่าใช้จ่ายในการดําเนินงานศูนย์บริการและถ่ายทอด	401	1196	511	38
054.jpg	15	เทคโนโลยีการเกษตร	434	1255	201	29
054.jpg	15	115,100	1261	1263	90	26
054.jpg	15	บาท	1395	1266	51	20
040.jpg	0	134	797	110	46	23
040.jpg	1	งาน: ดูแลสวนและพื้นที่สีเขียว	150	305	297	44
040.jpg	1	26,964,300	1222	317	128	27
040.jpg	1	บาท	1393	320	53	21
040.jpg	2	1.งบบุคลากร	152	364	144	30
040.jpg	2	19,952,300	1057	364	126	26
040.jpg	2	บาท	1248	366	53	21
040.jpg	3	1.1 เงินเดือน	160	403	133	29
040.jpg	3	813,900	1087	408	96	26
040.jpg	3	บาท	1248	411	53	21
040.jpg	4	01101-1	276	453	92	22
040.jpg	4	อัตราเดิม 2 อัตรา	410	448	171	29
040.jpg	4	767,800	1259	458	92	26
040.jpg	4	บาท	1395	461	51	20
040.jpg	5	01102 1	276	504	92	22
040.jpg	5	เงินเลื่อนขั้น	411	493	119	35
040.jpg	5	46,100	1272	509	79	26
040.jpg	5	บาท	1395	512	51	20
040.jpg	6	1.2 ค่าจ้างประจํา| |	152	549	200	34
040.jpg	6	13,038,600	1057	558	126	26
040.jpg	6	บาท	1248	562	53	21
040.jpg	7	01201-1	268	606	92	22
040.jpg	7	อัตราเดิม 63 อัตรา	402	601	184	29
040.jpg	7	12,038,800	1230	611	121	26
040.jpg	7	บาท	1395	614	51	20
040.jpg	8	01202-1	268	657	92	22
040.jpg	8	เงินเพิ่มค่าจ้างประจํา	403	647	200	34
040.jpg	8	479,900	1259	662	92	26
040.jpg	8	บาท	1395	665	51	20
040.jpg	9	01205-1	268	708	92	23
040.jpg	9	เงินเพิ่มการครองชีพชั่วคราวของลูกจ้างประจํา	403	698	428	42
040.jpg	9	229,700	1259	713	92	26
040.jpg	9	บาท	1395	716	51	20
040.jpg	10	01206-1	268	759	92	23
040.jpg	10	เงินช่วยเหลือค่าครองชีพของลูกจ้างประจํา	403	754	394	37
040.jpg	10	128,900	1261	764	90	26
040.jpg	10	บาท	1395	767	51	20
040.jpg	11	01204-1	268	810	92	22
040.jpg	11	เงินค่าตอบแทนรายเดือนของลูกจ้างประจํา	403	805	399	37
040.jpg	11	161,300	1261	815	90	26
040.jpg	11	บาท	1395	818	51	20
040.jpg	12	1.3 ค่าจ้างชั่วคราว| |	152	855	214	34
040.jpg	12	5,616,000	1068	864	115	26
040.jpg	12	บาท	1248	868	53	21
040.jpg	13	02101-1	268	912	92	22
040.jpg	13	ค่าจ้างชั่วคราว 40 อัตรา	402	902	232	34
040.jpg	13	4,122,300	1241	917	110	26
040.jpg	13	บาท	1395	920	51	20
040.jpg	14	02102-1	268	963	92	22
040.jpg	14	เงินเพิ่มการครองชีพชั่วคราวของลูกจ้างชั่วคราว	403	953	438	42
040.jpg	14	557,700	1259	968	92	26
040.jpg	14	บาท	1395	971	51	20
040.jpg	15	02103-1	268	1014	92	23
040.jpg	15	เงินช่วยเหลือค่าครองชีพของลูกจ้างชั่วคราว	403	1004	404	42
040.jpg	15	936,000	1259	1018	92	26
040.jpg	15	บาท	1395	1021	51	20
040.jpg	16	1.4 ค่าตอบแทน ใช้สอยและวัสดุ| |	152	1058	342	41
040.jpg	16	483,800	1087	1067	96	27
040.jpg	16	บาท	1248	1071	53	21
040.jpg	17	03217-1	268	1116	92	23
040.jpg	17	เงินสมทบกองทุนประกันสังคม	403	1111	287	37
040.jpg	17	280,800	1259	1120	92	26
040.jpg	17	บาท	1395	1123	51	20
040.jpg	18	03611-1	268	1167	92	23
040.jpg	18	ค่าเครื่องแต่งกาย	402	1157	168	34
040.jpg	18	41,600	1272	1171	79	26
040.jpg	18	บาท	1395	1174	51	20
040.jpg	19	03128-1	268	1218	92	23
040.jpg	19	เงินตอบแทนพิเศษของลูกจ้างประจํา	403	1213	341	37
040.jpg	19	161,400	1261	1222	90	26
040.jpg	19	บาท	1395	1225	51	20
040.jpg	20	2. งบดําเนินงาน	150	1323	166	28
040.jpg	20	5,712,000	1068	1328	115	26
040.jpg	20	บาท	1248	1330	53	21
040.jpg	21	ค่าตอบแทน ใช้สอยและวัสดุ	183	1369	280	36
040.jpg	21	5,712,000	1068	1374	115	26
040.jpg	21	บาท	1248	1377	53	21
040.jpg	22	2.1 ค่าตอบแทน	190	1422	165	27
040.jpg	22	1,308,600	1070	1425	113	26
040.jpg	22	บาท	1248	1428	53	21
040.jpg	23	ค่าอาหารทําการนอกเวลา	268	1469	245	28
040.jpg	24	2.2 ค่าใช้สอย	190	1522	142	29
040.jpg	24	349,200	1087	1526	96	27
040.jpg	24	บาท	1248	1530	53	21
040.jpg	25	ค่าซ่อมแซมยานพาหนะ	268	1571	225	28
040.jpg	26	ค่าซ่อมแซมเครื่องจักรกลและเครื่องทุ่นแรง	268	1616	401	42
040.jpg	27	2.3 ค่าวัสดุ	190	1675	118	36
040.jpg	27	4,054,200	1068	1679	115	27
040.jpg	27	บาท	1248	1683	53	21
040.jpg	28	ส่วนใหญ่เป็นค่าวัสดุน้ามันเชื้อเพลิงและน้้ามันหล่อลื่น	268	1717	494	43
040.jpg	29	ค่าวัสดุยานพาหนะ ค่าวัสดุอุปกรณ์ในการปลูกและ	268	1773	467	38
040.jpg	30	ป่ารุงรักษาต้นไม้ ฯลฯ	268	1825	209	37
041.jpg	0	135	797	110	45	23
041.jpg	1	3. งบรายจ่ายอื่น	150	311	169	34
041.jpg	1	1,300,000	1070	322	113	26
041.jpg	1	บาท	1248	324	53	21
041.jpg	2	07199-1	268	365	92	23
041.jpg	2	ค่าใช้จ่ายในการบํารุงรักษา ปรับปรุง และเพิ่มพื้นที่สีเขียว	402	354	526	43
041.jpg	2	1,300,000	1243	374	108	26
041.jpg	2	บาท	1395	377	51	20
041.jpg	3	งาน: บริหารทั่วไปและสอบสวนดําเนินคดี	150	478	399	34
041.jpg	3	5,936,483	1235	488	116	27
041.jpg	3	บาท	1393	491	53	21
041.jpg	4	1.งบบุคลากร	152	536	144	30
041.jpg	4	3,256,187	1068	536	116	26
041.jpg	4	บาท	1248	538	53	21
041.jpg	5	1.1 เงินเดือน	152	575	133	29
041.jpg	5	971,542	1087	579	97	27
041.jpg	5	บาท	1248	583	53	21
041.jpg	6	01101-1	268	625	92	22
041.jpg	6	อัตราเดิม 3 อัตรา	402	619	171	29
041.jpg	6	903,916	1259	627	92	26
041.jpg	6	บาท	1395	630	51	20
041.jpg	7	01102-1	268	672	92	22
041.jpg	7	เงินเลื่อนขั้น	403	660	120	35
041.jpg	7	54,236	1272	674	79	26
041.jpg	7	บาท	1395	677	51	20
041.jpg	8	01107-1	268	719	92	23
041.jpg	8	เงินค่าตอบแทนรายเดือนของข้าราชการ	403	713	372	29
041.jpg	8	10,920	1273	721	78	26
041.jpg	8	บาท	1395	724	51	20
041.jpg	9	01108-1	268	765	92	23
041.jpg	9	เงินเพิ่มการครองชีพชั่วคราวของข้าราชการ	403	755	401	34
041.jpg	9	2,080	1285	768	66	26
041.jpg	9	บาท	1395	771	51	20
041.jpg	10	01109-1	268	812	92	23
041.jpg	10	เงินช่วยเหลือค่าครองชีพของข้าราชการ	403	807	367	29
041.jpg	10	390	1303	815	48	23
041.jpg	10	บาท	1395	818	51	20
041.jpg	11	1.2 ค่าจ้างประจํา| |	152	849	200	34
041.jpg	11	1,975,324	1070	858	114	27
041.jpg	11	บาท	1248	862	53	21
041.jpg	12	01201-1	268	904	92	22
041.jpg	12	อัตราเดิม 8 อัตรา	402	899	171	29
041.jpg	12	1,851,408	1243	907	108	26
041.jpg	12	บาท	1395	910	51	20
041.jpg	13	01202-1	268	951	92	22
041.jpg	13	เงินเพิ่มค่าจ้างประจํา	403	941	200	34
041.jpg	13	106,756	1261	954	90	26
041.jpg	13	บาท	1395	957	51	20
041.jpg	14	01205-1	268	998	92	23
041.jpg	14	เงินเพิ่มการครองชีพชั่วคราวของลูกจ้างประจํา	403	988	428	42
041.jpg	14	13,988	1273	1000	78	26
041.jpg	14	บาท	1395	1003	51	20
041.jpg	15	01206-1	268	1045	92	23
041.jpg	15	เงินช่วยเหลือค่าครองชีพของลูกจ้างประจํา	403	1039	394	37
041.jpg	15	3,172	1285	1047	66	26
041.jpg	15	บาท	1395	1050	51	20
041.jpg	16	1.3 ค่าจ้างชั่วคราว| |	152	1082	214	34
041.jpg	16	187,200	1089	1092	94	26
041.jpg	16	บาท	1248	1095	53	21
041.jpg	17	02101-1	268	1137	92	22
041.jpg	17	ค่าจ้างชั่วคราว 1	402	1127	161	34
041.jpg	17	อัตรา	563	1132	58	29
041.jpg	17	135,564	1261	1139	90	26
041.jpg	17	บาท	1395	1142	51	20
041.jpg	18	02102-1	268	1184	92	22
041.jpg	18	เงินเพิ่มการครองชีพชั่วคราวของลูกจ้างชั่วคราว	403	1173	438	42
041.jpg	18	20,436	1272	1186	79	26
041.jpg	18	บาท	1395	1189	51	20
041.jpg	19	02103-1	268	1231	92	23
041.jpg	19	เงินช่วยเหลือค่าครองชีพของลูกจ้างชั่วคราว	403	1220	404	42
041.jpg	19	31,200	1272	1233	79	26
041.jpg	19	บาท	1395	1236	51	20
041.jpg	20	1.4 ค่าตอบแทน ใช้สอยและวัสดุ| |	152	1268	342	41
041.jpg	20	122 121	1089	1278	93	26
041.jpg	20	บาท	1248	1281	53	21
041.jpg	21	03217-1	268	1323	92	23
041.jpg	21	เงินสมทบกองทุนประกันสังคม	403	1317	287	37
041.jpg	21	9,360	1285	1325	66	26
041.jpg	21	บาท	1395	1328	51	20
041.jpg	22	03611-1	268	1370	92	23
041.jpg	22	ค่าเครื่องแต่งกาย	402	1359	168	34
041.jpg	22	87,125	1272	1372	78	26
041.jpg	22	บาท	1395	1375	51	20
041.jpg	23	03128-1	268	1417	92	23
041.jpg	23	เงินตอบแทนพิเศษของลูกจ้างประจํา	403	1411	341	37
041.jpg	23	25,636	1272	1419	79	26
041.jpg	23	บาท	1395	1422	51	20
041.jpg	24	2. งบดําเนินงาน	150	1507	166	28
041.jpg	24	2,680,296	1068	1512	115	26
041.jpg	24	บาท	1248	1514	53	21
041.jpg	25	ค่าตอบแทน ใช้สอยและวัสดุ	183	1552	280	36
041.jpg	25	2,680,296	1068	1557	115	26
041.jpg	25	บาท	1248	1560	53	21
041.jpg	26	2.1 ค่าตอบแทน	190	1601	165	27
041.jpg	26	2,130,928	1068	1604	116	26
041.jpg	26	บาท	1248	1607	53	21
041.jpg	27	ค่าอาหารทําการนอกเวลา	268	1645	245	28
041.jpg	28	ค่าเบี้ยประชุม	268	1685	138	43
041.jpg	29	2.2 ค่าใช้สอย	190	1740	142	29
041.jpg	29	73,960	1101	1744	82	26
041.jpg	29	บาท	1248	1748	53	21
041.jpg	30	ค่าซ่อมแซมยานพาหนะ	268	1786	225	28
041.jpg	31	ค่ารับรอง	268	1832	97	29
041.jpg	32	2.3 ค่าวัสดุ	190	1880	118	36
041.jpg	32	475,408	1087	1884	97	27
041.jpg	32	บาท	1248	1888	53	21
055.jpg	0	149	797	110	46	23
055.jpg	1	งาน: บริหารทั่วไปฝ่ายสิ่งแวดล้อมและสุขาภิบาล	150	361	467	41
055.jpg	1	1,770,710	1237	372	113	26
055.jpg	1	บาท	1393	374	53	21
055.jpg	2	1.งบบุคลากร	152	421	144	30
055.jpg	2	1,241,110	1070	420	113	27
055.jpg	2	บาท	1248	423	53	21
055.jpg	3	1.1 เงินเดือน	152	460	133	29
055.jpg	3	1,099,332	1070	465	114	26
055.jpg	3	บาท	1248	468	53	21
055.jpg	4	01101-1	268	510	92	22
055.jpg	4	อัตราเดิม 3 อัตรา	402	504	171	29
055.jpg	4	1,025,674	1242	512	109	26
055.jpg	4	บาท	1395	515	51	20
055.jpg	5	01102-1	268	557	92	22
055.jpg	5	เงินเลื่อนขั้น	403	545	120	35
055.jpg	5	61,360	1272	559	79	26
055.jpg	5	บาท	1395	562	51	20
055.jpg	6	01107-1	268	604	92	23
055.jpg	6	เงินค่าตอบแทนรายเดือนของข้าราชการ	403	598	372	29
055.jpg	6	10,920	1273	606	78	26
055.jpg	6	บาท	1395	609	51	20
055.jpg	7	01108-1	268	650	92	23
055.jpg	7	เงินเพิ่มการครองชีพชั่วคราวของข้าราชการ	403	640	401	34
055.jpg	7	1,144	1287	653	64	26
055.jpg	7	บาท	1395	656	51	20
055.jpg	8	01109-1	268	697	92	23
055.jpg	8	เงินช่วยเหลือค่าครองชีพของข้าราชการ	403	692	367	29
055.jpg	8	234	1303	700	48	23
055.jpg	8	บาท	1395	703	51	20
055.jpg	9	1.2 ค่าจ้างประจํา| |	152	734	200	34
055.jpg	9	135,278	1089	744	95	26
055.jpg	9	บาท	1248	747	53	21
055.jpg	10	01201-1	268	790	92	22
055.jpg	10	อัตราเดิม 1 อัตรา	402	784	171	29
055.jpg	10	118,950	1260	792	91	26
055.jpg	10	บาท	1395	795	51	20
055.jpg	11	01202-1	268	836	92	22
055.jpg	11	เงินเพิ่มค่าจ้างประจํา	403	826	200	34
055.jpg	11	7,150	1285	839	66	26
055.jpg	11	บาท	1395	842	51	20
055.jpg	12	01205-1	268	883	92	23
055.jpg	12	เงินเพิ่มการครองชีพชั่วคราวของลูกจ้างประจํา	403	873	428	42
055.jpg	12	8,502	1285	885	66	26
055.jpg	12	บาท	1395	888	51	20
055.jpg	13	01206-1	268	930	92	23
055.jpg	13	เงินช่วยเหลือค่าครองชีพของลูกจ้างประจํา	403	924	394	37
055.jpg	13	676	1303	932	48	23
055.jpg	13	บาท	1395	935	51	20
055.jpg	14	1.3 ค่าตอบแทน ใช้สอยและวัสดุ| |	152	967	342	41
055.jpg	14	6,500	1114	977	69	26
055.jpg	14	บาท	1248	980	53	21
055.jpg	15	03611-1	268	1022	92	23
055.jpg	15	ค่าเครื่องแต่งกาย	402	1012	168	34
055.jpg	15	6,500	1285	1025	66	26
055.jpg	15	บาท	1395	1028	51	20
055.jpg	16	2. งบดําเนินงาน	150	1113	166	28
055.jpg	16	529,600	1087	1118	96	26
055.jpg	16	บาท	1248	1120	53	21
055.jpg	17	ค่าตอบแทน ใช้สอยและวัสดุ	183	1158	280	36
055.jpg	17	529,600	1087	1162	96	26
055.jpg	17	บาท	1248	1166	53	21
055.jpg	18	2.1 ค่าใช้สอย	190	1206	142	29
055.jpg	18	58,200	1101	1211	82	26
055.jpg	18	บาท	1248	1214	53	21
055.jpg	19	ค่าซ่อมแซมยานพาหนะ	268	1255	225	28
055.jpg	20	ค่าซ่อมแซมครุภัณฑ์	268	1304	194	38
055.jpg	21	2.2 ค่าวัสดุ	190	1400	118	36
055.jpg	21	471,400	1087	1404	96	27
055.jpg	21	บาท	1248	1408	53	21
055.jpg	22	ค่าวัสดุน้ามันเชื้อเพลิงและน้ามันหล่อลื่น	268	1442	375	43
055.jpg	23	ค่าวัสดุอุปกรณ์คอมพิวเตอร์	268	1498	263	38
055.jpg	24	ค่าวัสดุยานพาหนะ	268	1550	181	37
055.jpg	25	ค่าวัสดุสํานักงานประเภทเครื่องเขียน แบบพิมพ์	268	1596	443	42
043.jpg	0	137	797	110	46	23
043.jpg	1	2.3 ค่าวัสดุ	190	314	118	36
043.jpg	1	176,492	1089	318	95	27
043.jpg	1	บาท	1248	322	53	21
043.jpg	2	ส่วนใหญ่เป็นค่าวัสดุน้ามันเชื้อเพลิงและน้้ามันหล่อลื่น	268	357	494	43
043.jpg	3	ค่าวัสดุอุปกรณ์คอมพิวเตอร์	268	417	263	38
043.jpg	3	ค่าวัสดุสํานักงาน	536	418	164	37
043.jpg	4	ประเภท เครื่องเขียน แบบพิมพ์ ฯลฯ	268	467	338	34
043.jpg	5	งาน: บริหารทั่วไปฝ่ายโยธา	150	571	268	34
043.jpg	5	4,650,387	1235	581	116	27
043.jpg	5	บาท	1393	584	53	21
043.jpg	6	1.งบบุคลากร	152	629	144	30
043.jpg	6	3,085,947	1068	628	116	27
043.jpg	6	บาท	1248	631	53	21
043.jpg	7	1.1 เงินเดือน	152	668	133	29
043.jpg	7	2,610,593	1068	673	116	26
043.jpg	7	บาท	1248	676	53	21
043.jpg	8	01101-1	268	718	92	22
043.jpg	8	อัตราเดิม 7 อัตรา	402	713	171	29
043.jpg	8	2,417,770	1241	720	110	26
043.jpg	8	บาท	1395	723	51	20
043.jpg	9	01102-1	268	765	92	22
043.jpg	9	เงินเลื่อนขั้น	403	753	120	35
043.jpg	9	145,263	1261	767	90	26
043.jpg	9	บาท	1395	770	51	20
043.jpg	10	01106-1	268	812	92	23
043.jpg	10	เงินประจําตําแหน่ง	403	807	182	28
043.jpg	10	17,220	1273	814	78	26
043.jpg	10	บาท	1395	817	51	20
043.jpg	11	01107-1	268	859	92	23
043.jpg	11	เงินค่าตอบแทนรายเดือนของข้าราชการ	403	853	372	29
043.jpg	11	17,220	1273	861	78	26
043.jpg	11	บาท	1395	864	51	20
043.jpg	12	01108-1	268	906	92	23
043.jpg	12	เงินเพิ่มการครองชีพชั่วคราวของข้าราชการ	403	895	401	34
043.jpg	12	6,560	1285	908	66	26
043.jpg	12	บาท	1395	911	51	20
043.jpg	13	01109-1	268	953	92	23
043.jpg	13	เงินช่วยเหลือค่าครองชีพของข้าราชการ	403	947	367	29
043.jpg	13	6,560	1285	955	66	26
043.jpg	13	บาท	1395	958	51	20
043.jpg	14	1.2 ค่าจ้างประจํา| |	152	990	200	34
043.jpg	14	413,362	1087	998	97	27
043.jpg	14	บาท	1248	1003	53	21
043.jpg	15	01201-1	268	1045	92	22
043.jpg	15	อัตราเดิม 1 อัตรา	402	1039	171	29
043.jpg	15	329,558	1259	1047	92	26
043.jpg	15	บาท	1395	1050	51	20
043.jpg	16	01202-1	268	1092	92	22
043.jpg	16	เงินเพิ่มค่าจ้างประจํา	403	1081	200	34
043.jpg	16	83,804	1272	1094	79	26
043.jpg	16	บาท	1395	1097	51	20
043.jpg	17	1.3 ค่าจ้างชั่วคราว| |	152	1129	214	34
043.jpg	17	59,040	1101	1138	82	27
043.jpg	17	บาท	1248	1142	53	21
043.jpg	18	02101-1	268	1184	92	22
043.jpg	18	ค่าจ้างชั่วคราว 1	402	1173	161	34
043.jpg	18	อัตรา	563	1178	58	29
043.jpg	18	46,248	1272	1186	79	26
043.jpg	18	บาท	1395	1189	51	20
043.jpg	19	02102-1	268	1231	92	22
043.jpg	19	เงินเพิ่มการครองชีพชั่วคราวของลูกจ้างชั่วคราว	403	1220	438	42
043.jpg	19	2,952	1285	1233	66	26
043.jpg	19	บาท	1395	1236	51	20
043.jpg	20	02103-1	268	1278	92	23
043.jpg	20	เงินช่วยเหลือค่าครองชีพของลูกจ้างชั่วคราว	403	1267	404	42
043.jpg	20	9,840	1285	1280	66	26
043.jpg	20	บาท	1395	1283	51	20
043.jpg	21	1.4 ค่าตอบแทน ใช้สอยและวัสดุ| |	152	1315	342	41
043.jpg	21	2952	1114	1324	70	26
043.jpg	21	บาท	1248	1328	53	21
043.jpg	22	03217-1	268	1370	92	23
043.jpg	22	เงินสมทบกองทุนประกันสังคม	403	1364	287	37
043.jpg	22	2,952	1285	1372	66	26
043.jpg	22	บาท	1395	1375	51	20
043.jpg	23	2. งบดําเนินงาน	150	1462	166	28
043.jpg	23	1,188,340	1070	1466	113	27
043.jpg	23	บาท	1248	1469	53	21
043.jpg	24	ค่าตอบแทน ใช้สอยและวัสดุ	183	1507	280	36
043.jpg	24	1,188,340	1070	1510	113	27
043.jpg	24	บาท	1248	1515	53	21
043.jpg	25	2.1 ค่าตอบแทน	190	1557	165	27
043.jpg	25	159,120	1089	1560	94	26
043.jpg	25	บาท	1248	1563	53	21
043.jpg	26	ค่าอาหารทําการนอกเวลา	268	1604	245	28
043.jpg	27	2.2 ค่าใช้สอย	190	1657	142	29
043.jpg	27	861,040	1087	1661	96	27
043.jpg	27	บาท	1248	1665	53	21
043.jpg	28	ค่าซ่อมแซมยานพาหนะ	268	1706	225	28
043.jpg	29	ค่าซ่อมแซมครุภัณฑ์	268	1755	194	38
043.jpg	30	ค่าซ่อมแซมไฟฟ้าสาธารณะ	268	1806	259	29
043.jpg	31	2.3 ค่าวัสดุ	190	1861	118	36
043.jpg	31	168,180	1089	1866	94	26
043.jpg	31	บาท	1248	1869	53	21
057.jpg	0	151	797	110	44	23
057.jpg	1	งาน: ป้องกันและควบคุมโรค	150	312	279	36
057.jpg	1	1,804,430	1237	317	113	27
057.jpg	1	บาท	1393	320	53	21
057.jpg	2	1.งบบุคลากร	152	364	144	30
057.jpg	2	1,804,430	1070	363	113	27
057.jpg	2	บาท	1248	366	53	21
057.jpg	3	1.1 เงินเดือน	152	403	133	29
057.jpg	3	1,606,716	1070	408	113	26
057.jpg	3	บาท	1248	411	53	21
057.jpg	4	01101-1	268	453	92	22
057.jpg	4	อัตราเดิม 4 อัตรา	402	448	171	29
057.jpg	4	1,499,062	1242	456	109	26
057.jpg	4	บาท	1395	459	51	20
057.jpg	5	01102-1	268	500	92	22
057.jpg	5	เงินเลื่อนขั้น	403	489	120	35
057.jpg	5	89,680	1272	503	79	26
057.jpg	5	บาท	1395	506	51	20
057.jpg	6	01107-1	268	547	92	23
057.jpg	6	เงินค่าตอบแทนรายเดือนของข้าราชการ	403	542	372	29
057.jpg	6	15,960	1273	549	78	26
057.jpg	6	บาท	1395	552	51	20
057.jpg	7	01108-1	268	594	92	23
057.jpg	7	เงินเพิ่มการครองชีพชั่วคราวของข้าราชการ	403	583	401	34
057.jpg	7	1,672	1286	596	65	26
057.jpg	7	บาท	1395	599	51	20
057.jpg	8	01109-1	268	641	92	23
057.jpg	8	เงินช่วยเหลือค่าครองชีพของข้าราชการ	403	635	367	29
057.jpg	8	342	1303	643	48	23
057.jpg	8	บาท	1395	646	51	20
057.jpg	9	1.2 ค่าจ้างประจํา| |	152	678	200	34
057.jpg	9	197,714	1089	687	95	27
057.jpg	9	บาท	1248	691	53	21
057.jpg	10	01201-1	268	733	92	22
057.jpg	10	อัตราเดิม 2 อัตรา	402	727	171	29
057.jpg	10	173,850	1261	735	90	26
057.jpg	10	บาท	1395	738	51	20
057.jpg	11	01202-1	268	780	92	22
057.jpg	11	เงินเพิ่มค่าจ้างประจํา	403	769	200	34
057.jpg	11	10,450	1273	782	78	26
057.jpg	11	บาท	1395	785	51	20
057.jpg	12	01205-1	268	827	92	23
057.jpg	12	เงินเพิ่มการครองชีพชั่วคราวของลูกจ้างประจํา	403	816	428	42
057.jpg	12	12,426	1273	829	78	26
057.jpg	12	บาท	1395	832	51	20
057.jpg	13	01206-1	268	874	92	23
057.jpg	13	เงินช่วยเหลือค่าครองชีพของลูกจ้างประจํา	403	868	394	37
057.jpg	13	988	1303	876	48	23
057.jpg	13	บาท	1395	879	51	20
056.jpg	0	150	797	110	46	23
056.jpg	1	งาน: สุข าภิบาลอาหารและอนามัย สิ่งแวด ล้อม	150	350	442	41
056.jpg	1	2,571,660	1235	361	115	26
056.jpg	1	บาท	1393	363	53	21
056.jpg	2	1.งบบุคลากร	152	408	144	30
056.jpg	2	1,709,460	1070	407	113	27
056.jpg	2	บาท	1248	410	53	21
056.jpg	3	1.1 เงินเดือน	160	447	133	29
056.jpg	3	1,522,152	1070	452	114	26
056.jpg	3	บาท	1248	455	53	21
056.jpg	4	01101-1	276	497	92	22
056.jpg	4	อัตราเดิม 4 อัตรา	410	491	171	29
056.jpg	4	1,420,164	1243	499	108	26
056.jpg	4	บาท	1395	502	51	20
056.jpg	5	01102 1	276	544	92	22
056.jpg	5	เงินเลื่อนขั้น	411	532	119	35
056.jpg	5	84,960	1272	546	79	26
056.jpg	5	บาท	1395	549	51	20
056.jpg	6	011071	276	591	92	23
056.jpg	6	เงินค่าตอบแทนรายเดือนของข้าราชการ	411	585	372	29
056.jpg	6	15,120	1273	593	78	26
056.jpg	6	บาท	1395	596	51	20
056.jpg	7	01108-1	276	637	92	23
056.jpg	7	เงินเพิ่มการครองชีพชั่วคราวของข้าราชการ	411	627	400	34
056.jpg	7	1,584	1286	640	65	26
056.jpg	7	บาท	1395	643	51	20
056.jpg	8	01109-1	276	684	92	23
056.jpg	8	เงินช่วยเหลือค่าครองชีพของข้าราชการ	411	679	367	29
056.jpg	8	324	1303	687	48	23
056.jpg	8	บาท	1395	690	51	20
056.jpg	9	1.2 ค่าจ้างประจํา| |	152	721	200	34
056.jpg	9	187,308	1089	731	95	26
056.jpg	9	บาท	1248	734	53	21
056.jpg	10	01201-1	268	777	92	22
056.jpg	10	อัตราเดิม 2 อัตรา	402	771	171	29
056.jpg	10	164,700	1261	779	90	26
056.jpg	10	บาท	1395	782	51	20
056.jpg	11	01202-1	268	823	92	22
056.jpg	11	เงินเพิ่มค่าจ้างประจํา	403	813	200	34
056.jpg	11	9,900	1285	826	66	26
056.jpg	11	บาท	1395	829	51	20
056.jpg	12	01205-1	268	870	92	23
056.jpg	12	เงินเพิ่มการครองชีพชั่วคราวของลูกจ้างประจํา	403	860	428	42
056.jpg	12	11,772	1273	873	78	26
056.jpg	12	บาท	1395	876	51	20
056.jpg	13	01206-1	268	917	92	23
056.jpg	13	เงินช่วยเหลือค่าครองชีพของลูกจ้างประจํา	403	911	394	37
056.jpg	13	936	1303	919	48	23
056.jpg	13	บาท	1395	922	51	20
056.jpg	14	2. งบดําเนินงาน	150	962	166	28
056.jpg	14	862,200	1087	967	96	26
056.jpg	14	บาท	1248	969	53	21
056.jpg	15	ค่าตอบแทน ใช้สอยและวัสดุ	183	1007	280	36
056.jpg	15	862,200	1087	1012	96	26
056.jpg	15	บาท	1248	1015	53	21
056.jpg	16	2.1 ค่าตอบแทน	190	1058	165	27
056.jpg	16	11,700	1103	1061	80	26
056.jpg	16	บาท	1248	1064	53	21
056.jpg	17	ค่าอาหารทําการนอกเวลา	268	1104	245	28
056.jpg	18	2.2 ค่าใช้สอย	190	1158	142	29
056.jpg	18	850,500	1087	1163	96	26
056.jpg	18	บาท	1248	1166	53	21
056.jpg	19	ค่าจ้างเหมาบริการเป็นรายบุคคล	268	1204	311	38
042.jpg	0	136	797	110	46	23
042.jpg	1	ค่าวัสดุน้ามันเชื้อเพลิงและน้ามันหล่อลื่น	268	303	375	43
042.jpg	2	ค่าวัสดุยานพาหนะ	268	356	181	37
042.jpg	3	ค่าวัสดุสํานักงานประเภทเครื่องเขียน แบบพิมพ์	268	398	443	42
042.jpg	4	ค่าเครื่องแบบชุดปฏิบัติงานเทศกิจ	268	444	322	42
042.jpg	5	งาน: ตรวจและบังคับใช้กฎหมาย	150	505	319	36
042.jpg	5	10,027,717	1224	511	127	26
042.jpg	5	บาท	1393	513	53	21
042.jpg	6	1.งบบุคลากร	152	558	144	30
042.jpg	6	9,035,013	1068	558	116	26
042.jpg	6	บาท	1248	560	53	21
042.jpg	7	1.1 เงินเดือน	160	597	133	29
042.jpg	7	2,165,158	1068	601	116	26
042.jpg	7	บาท	1248	605	53	21
042.jpg	8	01101-1	276	647	92	22
042.jpg	8	อัตราเดิม 9 อัตรา	410	641	171	29
042.jpg	8	2,572,684	1241	649	110	26
042.jpg	8	บาท	1395	652	51	20
042.jpg	9	01102 1	276	694	92	22
042.jpg	9	เงินเลื่อนขั้น	411	682	119	35
042.jpg	9	154,364	1260	696	91	26
042.jpg	9	บาท	1395	699	51	20
042.jpg	10	01107-1	276	740	92	23
042.jpg	10	เงินค่าตอบแทนรายเดือนของข้าราชการ	411	735	372	29
042.jpg	10	31,080	1272	743	79	26
042.jpg	10	บาท	1395	746	51	20
042.jpg	11	01108-1	276	787	92	23
042.jpg	11	เงินเพิ่มการครองชีพชั่วคราวของข้าราชการ	411	777	400	34
042.jpg	11	5,920	1285	790	66	26
042.jpg	11	บาท	1395	793	51	20
042.jpg	12	01109-1	276	834	92	23
042.jpg	12	เงินช่วยเหลือค่าครองชีพของข้าราชการ	411	829	367	29
042.jpg	12	1,110	1286	836	65	26
042.jpg	12	บาท	1395	839	51	20
042.jpg	13	1.2 ค่าจ้างประจํา| |	152	871	200	34
042.jpg	13	5,622,076	1068	881	115	26
042.jpg	13	บาท	1248	884	53	21
042.jpg	14	01201-1	268	926	92	22
042.jpg	14	อัตราเดิม 22 อัตรา	402	921	184	29
042.jpg	14	5,269,392	1241	929	110	26
042.jpg	14	บาท	1395	932	51	20
042.jpg	15	01202-1	268	973	92	22
042.jpg	15	เงินเพิ่มค่าจ้างประจํา	403	963	200	34
042.jpg	15	303,844	1259	975	92	26
042.jpg	15	บาท	1395	978	51	20
042.jpg	16	01205-1	268	1020	92	23
042.jpg	16	เงินเพิ่มการครองชีพชั่วคราวของลูกจ้างประจํา	403	1009	428	42
042.jpg	16	39,812	1272	1022	79	26
042.jpg	16	บาท	1395	1025	51	20
042.jpg	17	01206-1	268	1067	92	23
042.jpg	17	เงินช่วยเหลือค่าครองชีพของลูกจ้างประจํา	403	1061	394	37
042.jpg	17	9,028	1285	1069	66	26
042.jpg	17	บาท	1395	1072	51	20
042.jpg	18	1.3 ค่าจ้างชั่วคราว| |	152	1104	214	34
042.jpg	18	532,800	1087	1114	96	26
042.jpg	18	บาท	1248	1117	53	21
042.jpg	19	02101-1	268	1159	92	22
042.jpg	19	ค่าจ้างชั่วคราว 4 อัตรา	402	1148	219	34
042.jpg	19	385,836	1259	1161	92	26
042.jpg	19	บาท	1395	1164	51	20
042.jpg	20	02102-1	268	1206	92	22
042.jpg	20	เงินเพิ่มการครองชีพชั่วคราวของลูกจ้างชั่วคราว	403	1195	438	42
042.jpg	20	58,164	1272	1208	79	26
042.jpg	20	บาท	1395	1211	51	20
042.jpg	21	02103-1	268	1253	92	23
042.jpg	21	เงินช่วยเหลือค่าครองชีพของลูกจ้างชั่วคราว	403	1242	404	42
042.jpg	21	88,800	1272	1255	79	26
042.jpg	21	บาท	1395	1258	51	20
042.jpg	22	1.4 ค่าตอบแทน ใช้สอยและวัสดุ| |	152	1290	342	41
042.jpg	22	114,979	1089	1299	94	27
042.jpg	22	บาท	1248	1303	53	21
042.jpg	23	03217-1	268	1345	92	23
042.jpg	23	เงินสมทบกองทุนประกันสังคม	403	1339	287	37
042.jpg	23	26,640	1272	1347	79	26
042.jpg	23	บาท	1395	1350	51	20
042.jpg	24	03611-1	268	1392	92	23
042.jpg	24	ค่าเครื่องแต่งกาย	402	1381	168	34
042.jpg	24	15,375	1273	1394	77	26
042.jpg	24	บาท	1395	1397	51	20
042.jpg	25	03128-1	268	1439	92	23
042.jpg	25	เงินตอบแทนพิเศษของลูกจ้างประจํา	403	1433	341	37
042.jpg	25	72,964	1272	1441	79	26
042.jpg	25	บาท	1395	1444	51	20
042.jpg	26	2. งบดําเนินงาน	150	1525	166	28
042.jpg	26	992,704	1087	1529	97	27
042.jpg	26	บาท	1248	1532	53	21
042.jpg	27	ค่าตอบแทน ใช้สอยและวัสดุ	183	1574	280	36
042.jpg	27	992,704	1087	1577	97	27
042.jpg	27	บาท	1248	1582	53	21
042.jpg	28	2.1 ค่าตอบแทน	190	1630	165	27
042.jpg	28	175,872	1087	1633	97	26
042.jpg	28	บาท	1248	1636	53	21
042.jpg	29	ค่าอาหารทําการนอกเวลา	268	1678	245	28
042.jpg	30	2.2 ค่าใช้สอย	190	1737	142	29
042.jpg	30	40,340	1101	1741	82	27
042.jpg	30	บาท	1248	1745	53	21
042.jpg	31	ค่าซ่อมแซมยานพาหนะ	268	1787	225	28
042.jpg	32	ค่าซ่อมแซมครุภัณฑ์	268	1839	194	38
046.jpg	0	140	797	110	46	22
046.jpg	1	งาน: บํารุงรักษาซ่อมแซม	150	355	253	36
046.jpg	1	12,200,077	1224	361	127	26
046.jpg	1	บาท	1393	363	53	21
046.jpg	2	1.งบบุคลากร	152	408	144	30
046.jpg	2	2,338,477	1068	407	116	27
046.jpg	2	บาท	1248	410	53	21
046.jpg	3	1.1 เงินเดือน	152	447	133	29
046.jpg	3	1,973,863	1070	452	114	26
046.jpg	3	บาท	1248	455	53	21
046.jpg	4	01101-1	268	497	92	22
046.jpg	4	อัตราเดิม 6 อัตรา	402	491	171	29
046.jpg	4	1,828,070	1243	499	108	26
046.jpg	4	บาท	1395	502	51	20
046.jpg	5	01102-1	268	544	92	22
046.jpg	5	เงินเลื่อนขั้น	403	532	120	35
046.jpg	5	109,833	1261	546	90	26
046.jpg	5	บาท	1395	549	51	20
046.jpg	6	01106-1	268	591	92	23
046.jpg	6	เงินประจําตําแหน่ง	403	586	182	28
046.jpg	6	13,020	1273	593	78	26
046.jpg	6	บาท	1395	596	51	20
046.jpg	7	01107-1	268	637	92	23
046.jpg	7	เงินค่าตอบแทนรายเดือนของข้าราชการ	403	632	372	29
046.jpg	7	13,020	1273	640	78	26
046.jpg	7	บาท	1395	643	51	20
046.jpg	8	01108-1	268	684	92	23
046.jpg	8	เงินเพิ่มการครองชีพชั่วคราวของข้าราชการ	403	674	401	34
046.jpg	8	4,960	1285	687	66	26
046.jpg	8	บาท	1395	690	51	20
046.jpg	9	01109-1	268	731	92	23
046.jpg	9	เงินช่วยเหลือค่าครองชีพของข้าราชการ	403	726	367	29
046.jpg	9	4,960	1285	733	66	26
046.jpg	9	บาท	1395	736	51	20
046.jpg	10	1.2 ค่าจ้างประจํา| |	152	768	200	34
046.jpg	10	312542	1087	777	97	27
046.jpg	10	บาท	1248	781	53	21
046.jpg	11	01201-1	268	823	92	22
046.jpg	11	อัตราเดิม 1 อัตรา	402	818	171	29
046.jpg	11	249,178	1259	826	92	26
046.jpg	11	บาท	1395	829	51	20
046.jpg	12	01202-1	268	870	92	22
046.jpg	12	เงินเพิ่มค่าจ้างประจํา	403	860	200	34
046.jpg	12	63,364	1272	873	79	26
046.jpg	12	บาท	1395	876	51	20
046.jpg	13	1.3 ค่าจ้างชั่วคราว| |	152	907	214	34
046.jpg	13	44,640	1101	916	82	27
046.jpg	13	บาท	1248	920	53	21
046.jpg	14	02101-1	268	962	92	22
046.jpg	14	ค่าจ้างชั่วคราว 1	402	952	161	34
046.jpg	14	อัตรา	563	957	58	29
046.jpg	14	34,968	1272	965	79	26
046.jpg	14	บาท	1395	968	51	20
046.jpg	15	02102-1	268	1009	92	22
046.jpg	15	เงินเพิ่มการครองชีพชั่วคราวของลูกจ้างชั่วคราว	403	999	438	42
046.jpg	15	2,232	1285	1012	66	26
046.jpg	15	บาท	1395	1015	51	20
046.jpg	16	02103-1	268	1056	92	23
046.jpg	16	เงินช่วยเหลือค่าครองชีพของลูกจ้างชั่วคราว	403	1045	404	42
046.jpg	16	7,440	1285	1058	66	26
046.jpg	16	บาท	1395	1061	51	20
046.jpg	17	1.4 ค่าตอบแทน ใช้สอยและวัสดุ| |	152	1093	342	41
046.jpg	17	7,432	1114	1102	70	27
046.jpg	17	บาท	1248	1106	53	21
046.jpg	18	03217-1	268	1148	92	23
046.jpg	18	เงินสมทบกองทุนประกันสังคม	403	1143	287	37
046.jpg	18	2,232	1285	1151	66	26
046.jpg	18	บาท	1395	1154	51	20
046.jpg	19	03611-1	268	1195	92	23
046.jpg	19	ค่าเครื่องแต่งกาย	402	1185	168	34
046.jpg	19	5,200	1285	1197	66	26
046.jpg	19	บาท	1395	1200	51	20
046.jpg	20	2. งบดําเนินงาน	150	1287	166	28
046.jpg	20	2,463,600	1068	1291	115	27
046.jpg	20	บาท	1248	1294	53	21
046.jpg	21	ค่าตอบแทน ใช้สอยและวัสดุ	183	1332	280	36
046.jpg	21	2,463,600	1068	1336	115	27
046.jpg	21	บาท	1248	1340	53	21
046.jpg	22	2.1 ค่าตอบแทน	190	1383	165	27
046.jpg	22	636,480	1087	1385	96	27
046.jpg	22	บาท	1248	1389	53	21
046.jpg	23	ค่าอาหารทําการนอกเวลา	268	1429	245	28
046.jpg	24	2.2 ค่าใช้สอย	190	1483	142	29
046.jpg	24	324,500	1087	1487	96	27
046.jpg	24	บาท	1248	1491	53	21
046.jpg	25	ค่าซ่อมแซมยานพาหนะ	268	1531	225	28
046.jpg	26	ค่าซ่อมแซมครุภัณฑ์	268	1580	194	38
046.jpg	27	ค่าซ่อมแซมถนน ตรอก ซอย สะพานและสิ่งสาธารณประโยชน์	268	1627	575	34
046.jpg	28	2.3 ค่าวัสดุ	190	1687	118	36
046.jpg	28	1,502,620	1070	1692	113	26
046.jpg	28	บาท	1248	1695	53	21
046.jpg	29	ส่วนใหญ่เป็นค่าวัสดุน้ามันเชื้อเพลิงและน้้ามันหล่อลื่น	268	1728	494	43
046.jpg	30	ค่าวัสดุก่อสร้าง ค่าวัสดุสําหรับหน่วยบริการเร่งด่วน	268	1785	472	37
046.jpg	31	กรุงเทพมหานคร 8 7187	268	1840	277	33
052.jpg	0	146	797	110	46	23
052.jpg	1	3. งบลงทุน	150	505	120	30
052.jpg	1	255,100	1087	505	96	26
052.jpg	1	บาท	1248	507	53	21
052.jpg	2	3.1 ครุภัณฑ์ ที่ดินและสิ่งก่อสร้าง	150	539	324	41
052.jpg	2	255,100	1087	549	96	26
052.jpg	2	บาท	1248	552	53	21
052.jpg	3	3.1.1 ค่าครุภัณฑ์	150	588	175	37
052.jpg	3	255,100	1087	594	96	26
052.jpg	3	บาท	1248	597	53	21
052.jpg	4	05105-1	268	639	92	23
052.jpg	4	เครื่องคอมพิวเตอร์สําหรับงานสํานักงาน (จอแสดงภาพ	403	629	505	35
052.jpg	5	ขนาดไม่น้อยกว่า 19 นิ้ว) พร้อมโปรแกรมระบบปฏิบัติการ	402	686	536	42
052.jpg	6	05 แบบ 66 ที่มีลิขสิทธิ์ถูกต้องตามกฎหมาย	401	733	466	43
052.jpg	7	10 เครื่อง	404	781	98	34
052.jpg	7	255,100	1259	794	92	26
052.jpg	7	บาท	1395	797	51	20
052.jpg	8	4. งบรายจ่ายอื่น	150	879	169	34
052.jpg	8	1,504,100	1070	889	113	27
052.jpg	8	บาท	1248	892	53	21
052.jpg	9	07199-7	268	934	94	23
052.jpg	9	(1) ค่าใช้จ่ายในการจัดกิจกรรมครอบครัวรักการอ่าน	401	928	485	30
052.jpg	9	520,000	1259	942	92	26
052.jpg	9	บาท	1395	945	51	20
052.jpg	10	07199-8	268	992	94	23
052.jpg	10	(2 ค่าใช้จ่ายในการบริหารจัดการพิพิธภัณฑ์ท้องถิ่น	401	982	478	35
052.jpg	11	กรุงเทพมหานคร	433	1050	164	28
052.jpg	11	484,100	1259	1049	92	26
052.jpg	11	บาท	1395	1052	51	20
052.jpg	12	07199-9	268	1094	94	23
052.jpg	12	(3) ค่าใช้จ่ายในการจัดงานวันสําคัญอนุรักษ์สืบสาน	401	1087	473	38
052.jpg	13	วัฒนธรรมประเพณี	432	1145	185	29
052.jpg	13	500,000	1259	1156	92	26
052.jpg	13	บาท	1395	1159	51	20
053.jpg	0	147	797	110	46	23
053.jpg	1	งาน: พัฒนาชุมชนและบริการสังคม	150	368	341	36
053.jpg	1	58,467,120	1222	373	128	27
053.jpg	1	บาท	1393	376	53	21
053.jpg	2	1.งบบุคลากร	152	421	144	30
053.jpg	2	5,569,265	1068	421	115	26
053.jpg	2	บาท	1248	423	53	21
053.jpg	3	1.1 เงินเดือน	160	460	133	29
053.jpg	3	3,910,660	1068	465	115	26
053.jpg	3	บาท	1248	468	53	21
053.jpg	4	01101-1	276	510	92	22
053.jpg	4	อัตราเดิม 10 อัตรา	410	504	183	29
053.jpg	4	3,663,595	1241	512	109	26
053.jpg	4	บาท	1395	515	51	20
053.jpg	5	01102-1	276	557	92	22
053.jpg	5	เงินเลื่อนขั้น	411	545	119	35
053.jpg	5	219,765	1259	559	91	26
053.jpg	5	บาท	1395	562	51	20
053.jpg	6	01107-1	276	604	92	23
053.jpg	6	เงินค่าตอบแทนรายเดือนของข้าราชการ	411	598	372	29
053.jpg	6	27,300	1272	606	79	26
053.jpg	6	บาท	1395	609	51	20
053.jpg	7	1.2 ค่าจ้างประจํา| |	152	641	200	34
053.jpg	7	919,035	1087	651	96	26
053.jpg	7	บาท	1248	654	53	21
053.jpg	8	01201-1	268	696	92	22
053.jpg	8	อัตราเดิม 3 อัตรา	402	690	171	29
053.jpg	8	866,970	1259	698	92	26
053.jpg	8	บาท	1395	701	51	20
053.jpg	9	01202-1	268	743	92	22
053.jpg	9	เงินเพิ่มค่าจ้างประจํา	403	732	200	34
053.jpg	9	52,065	1272	745	78	26
053.jpg	9	บาท	1395	748	51	20
053.jpg	10	1.3 ค่าตอบแทน ใช้สอยและวัสดุ| |	152	780	342	41
053.jpg	10	739,570	1087	790	96	26
053.jpg	10	บาท	1248	793	53	21
053.jpg	11	03217-1	268	835	92	23
053.jpg	11	เงินสมทบกองทุนประกันสังคม	403	829	287	37
053.jpg	11	738,270	1259	837	92	26
053.jpg	11	บาท	1395	840	51	20
053.jpg	12	03611-1	268	882	92	23
053.jpg	12	ค่าเครื่องแต่งกาย	402	871	168	34
053.jpg	12	1,300	1287	889	64	26
053.jpg	12	บาท	1395	892	51	20
053.jpg	13	2. งบดําเนินงาน	150	976	166	28
053.jpg	13	44,355,355	1055	980	128	27
053.jpg	13	บาท	1248	983	53	21
053.jpg	14	2.1 ค่าตอบแทน ใช้สอยและวัสดุ	150	1021	321	36
053.jpg	14	44,017,160	1055	1025	128	27
053.jpg	14	บาท	1248	1029	53	21
053.jpg	15	2.1.1 ค่าตอบแทน	190	1072	184	27
053.jpg	15	34,656,360	1055	1074	128	27
053.jpg	15	บาท	1248	1078	53	21
053.jpg	16	ค่าอาหารทําการนอกเวลา	268	1118	245	28
053.jpg	17	ค่าตอบแทนวิทยากร	268	1171	197	28
053.jpg	18	ค่าตอบแทนบุคคลภายนอก	268	1223	259	36
053.jpg	19	ค่าตอบแทนอาสาสมัครผู้ดูแลเด็ก	268	1274	312	38
053.jpg	20	2.1.2 ค่าใช้สอย	190	1332	161	29
053.jpg	20	1,066,400	1070	1336	113	27
053.jpg	20	บาท	1248	1340	53	21
053.jpg	21	ค่ารับรอง	268	1380	97	29
053.jpg	22	ค่าจ้างเหมาบริการเป็นรายบุคคล	268	1431	311	38
053.jpg	23	2.1.3 ค่าวัสดุ	190	1490	137	36
053.jpg	23	8,294,400	1068	1493	115	27
053.jpg	23	บาท	1248	1498	53	21
053.jpg	24	ค่าวัสดุอุปกรณ์ในการอบรมสาธิต	268	1537	310	38
053.jpg	25	ค่าวัสดุอุปกรณ์การเรียนการสอน	268	1589	308	38
053.jpg	26	ค่าอาหารกลางวันและอาหารเสริม (ศูนย์เด็กเล็ก)	268	1642	452	38
053.jpg	27	2.2 ค่าสาธารณูปโภค|[ |	150	1695	236	42
053.jpg	27	338,195	1087	1705	96	26
053.jpg	27	บาท	1248	1708	53	21
053.jpg	28	ค่าโทรศัพท์สํานักงาน	268	1747	205	30
053.jpg	28	ค่าไฟฟ้าสํานักงาน	479	1748	176	29
053.jpg	29	ค่าน้าประปา	268	1794	125	35
047.jpg	0	141	797	110	44	22
047.jpg	1	3. งบลงทุน	150	363	120	30
047.jpg	1	4,398,000	1068	362	115	27
047.jpg	1	บาท	1248	365	53	21
047.jpg	2	ครุภัณฑ์ ที่ดินและสิ่งก่อสร้าง	183	397	283	41
047.jpg	2	4,398,000	1068	406	115	27
047.jpg	2	บาท	1248	410	53	21
047.jpg	3	3.1 ค่าครุภัณฑ์	182	446	155	37
047.jpg	3	298,000	1087	452	96	26
047.jpg	3	บาท	1248	455	53	21
047.jpg	4	05199-4	268	497	94	23
047.jpg	4	กล้องสํารวจ แบบประมวลผลรวมพร้อมอุปกรณ์  1	402	490	453	38
047.jpg	4	ชุด	855	499	36	29
047.jpg	4	298,000	1259	508	92	26
047.jpg	4	บาท	1395	511	51	20
047.jpg	5	3.2 ค่าที่ดินและสิ่งก่อสร้าง	182	555	263	34
047.jpg	5	4,100,000	1068	564	115	27
047.jpg	5	บาท	1248	568	53	21
047.jpg	6	05313-10	268	614	107	23
047.jpg	6	1 ปรับปรุงซอยราษฎร์อุทิศ	401	607	270	38
047.jpg	6	1/7 จากถนนราษฎร์อุทิศ	672	607	237	38
047.jpg	7	ถึงบ้านเลขที่ 16 แขวงแสนแสบ	433	661	296	34
047.jpg	7	1,938,000	1242	680	109	26
047.jpg	7	บาท	1395	683	51	20
047.jpg	8	- สร้างท่อระบายน้าชนิดกลมในผิวจราจร	431	719	382	35
047.jpg	9	ขนาดเส้นผ่าศูนย์กลาง 0.80 ม. ตามแบบ มน.-05	448	771	456	38
047.jpg	10	ยาวประมาณ 133 ม.	449	833	200	26
047.jpg	11	- สร้างบ่อพักท่อระบายน้้าในผิวจราจร	431	871	358	35
047.jpg	12	ขนาดเส้นผ่าศูนย์กลาง 0.80 ม. ตามแบบ มน.-05	448	923	456	38
047.jpg	13	พร้อมขอบและฝารางวี ตามแบบ ท.03/41	448	980	392	29
047.jpg	14	จ้านวน 11	447	1028	107	28
047.jpg	14	แห่ง	555	1028	47	28
047.jpg	15	- ศร้างท่อลอด ค.ส.ล.	439	1074	206	29
047.jpg	15	ขนาดเส้นผ่าศูนย์กลาง  0.30 ม.	644	1073	291	38
047.jpg	16	ตามแบบ มน.-01 ยาวประมาณ 21 ม.	456	1126	353	26
047.jpg	17	- สร้างบ่อพักท่อลอด ขนาดเส้นผ่าศูนย์กลาง 0.30 ม.	431	1169	489	38
047.jpg	18	ตามแบบ มน.-01	448	1234	165	23
047.jpg	18	พร้อมขอบและฝารางวี	613	1228	214	29
047.jpg	19	ตามแบบ ท.03/41 จ้านวน 11 แห่ง	448	1276	333	28
047.jpg	20	- สร้างชั้นพื้นทาง 8 0 หินคลุก	431	1316	413	43
047.jpg	21	บดอัดแน่นหนาเฉลี่ย 0.15 ม. ตามแบบ มท.-01	448	1363	439	34
047.jpg	22	เนื้อที่ประมาณ 482 ตร.ม.	449	1415	246	35
047.jpg	23	- สร้างผิวจราจร ค.ส.ล.	431	1468	222	29
047.jpg	23	หนา 0.15 ม.	652	1474	128	23
047.jpg	24	กว้างประมาณ 1.50 ม.	448	1515	218	29
047.jpg	24	หรือตามสภาพ	664	1515	143	29
047.jpg	25	ตามแบบ มท.-01 เนื้อที่ประมาณ 211 ตร.ม.	448	1556	412	35
047.jpg	26	- สร้างรางวี ค.ส.ล. สําหรับถนน หนา 0.15 ม.	431	1609	426	29
047.jpg	27	ตามแบบ มน-01 ไม่รวมพื้นฐาน ยาวประมาณ	448	1649	429	42
047.jpg	28	266 ม.	448	1720	74	23
047.jpg	29	- สร้างไหล่ทาง ค.ส.ล.	431	1761	211	29
047.jpg	29	หนา 0.15 ม. ตามแบบ	640	1767	220	23
047.jpg	30	มท.-01 เนื้อที่ประมาณ 140 ตร.ม.	448	1801	322	35
051.jpg	0	145	797	110	45	23
051.jpg	1	งาน: บริหารทั่วไปฝ่ายพัฒนาชุมชน	150	447	342	41
051.jpg	1	10,218,480	1224	457	126	27
051.jpg	1	บาท	1393	460	53	21
051.jpg	2	1.งบบุคลากร	152	505	144	30
051.jpg	2	3,003,335	1068	505	115	26
051.jpg	2	บาท	1248	507	53	21
051.jpg	3	1.1 เงินเดือน	152	544	133	29
051.jpg	3	2,105,740	1068	548	115	27
051.jpg	3	บาท	1248	552	53	21
051.jpg	4	01101-1	268	594	92	22
051.jpg	4	อัตราเดิม 5 อัตรา	402	588	171	29
051.jpg	4	1,972,705	1243	596	107	26
051.jpg	4	บาท	1395	599	51	20
051.jpg	5	01102-1	268	641	92	22
051.jpg	5	เงินเลื่อนขั้น	403	629	120	35
051.jpg	5	118,335	1261	643	89	26
051.jpg	5	บาท	1395	646	51	20
051.jpg	6	01107-1	268	688	92	23
051.jpg	6	เงินค่าตอบแทนรายเดือนของข้าราชการ	403	682	372	29
051.jpg	6	14,700	1273	690	78	26
051.jpg	6	บาท	1395	693	51	20
051.jpg	7	1.2 ค่าจ้างประจํา| |	152	725	200	34
051.jpg	7	494,865	1087	734	96	27
051.jpg	7	บาท	1248	738	53	21
051.jpg	8	01201-1	268	780	92	22
051.jpg	8	อัตราเดิม 2 อัตรา	402	774	171	29
051.jpg	8	466,830	1259	782	92	26
051.jpg	8	บาท	1395	785	51	20
051.jpg	9	01202-1	268	827	92	22
051.jpg	9	เงินเพิ่มค่าจ้างประจํา	403	816	200	34
051.jpg	9	28,035	1272	829	78	26
051.jpg	9	บาท	1395	832	51	20
051.jpg	10	1.3 ค่าตอบแทน ใช้สอยและวัสดุ| |	152	864	342	41
051.jpg	10	402,730	1087	873	96	27
051.jpg	10	บาท	1248	877	53	21
051.jpg	11	03217-1	268	919	92	23
051.jpg	11	เงินสมทบกองทุนประกันสังคม	403	913	287	37
051.jpg	11	397,530	1259	921	92	26
051.jpg	11	บาท	1395	924	51	20
051.jpg	12	03611-1	268	966	92	23
051.jpg	12	ค่าเครื่องแต่งกาย	402	955	168	34
051.jpg	12	5,200	1285	968	66	26
051.jpg	12	บาท	1395	971	51	20
051.jpg	13	2. งบดําเนินงาน	150	1058	166	28
051.jpg	13	5,455,945	1068	1062	115	27
051.jpg	13	บาท	1248	1065	53	21
051.jpg	14	2.1 ค่าตอบแทน ใช้สอยและวัสดุ	150	1103	321	36
051.jpg	14	5,273,840	1068	1106	115	27
051.jpg	14	บาท	1248	1111	53	21
051.jpg	15	2.1.1 ค่าตอบแทน	190	1155	184	27
051.jpg	15	4,051,140	1068	1157	115	27
051.jpg	15	บาท	1248	1161	53	21
051.jpg	16	ค่าอาหารทําการนอกเวลา	268	1203	245	28
051.jpg	17	ค่าตอบแทนอาสาสมัครห้องสมุด/บ้านหนังสือ	268	1257	419	37
051.jpg	18	2.1.2 ค่าใช้สอย	190	1317	161	29
051.jpg	18	109,400	1089	1321	94	27
051.jpg	18	บาท	1248	1325	53	21
051.jpg	19	ค่าซ่อมแซมยานพาหนะ	268	1367	225	28
051.jpg	20	ค่าซ่อมแซมครุภัณฑ์	268	1419	194	38
051.jpg	21	2.1.3 ค่าวัสดุ	190	1480	137	36
051.jpg	21	1,113,300	1070	1485	113	26
051.jpg	21	บาท	1248	1488	53	21
051.jpg	22	ส่วนใหญ่เป็นค่าวัสดุน้ามันเชื้อเพลิงและน้้ามันหล่อลื่น	268	1523	494	43
051.jpg	23	ค่าซื้อหนังสือ วารสารฯ ค่าวัสดุสํานักงานประเภท	268	1578	460	43
051.jpg	24	เครื่องเขียน แบบพิมพ์ ฯลฯ	269	1633	261	34
051.jpg	25	2.2 ค่าสาธารณูปโภค	150	1698	212	37
051.jpg	25	182,105	1089	1703	94	26
051.jpg	25	บาท	1248	1706	53	21
051.jpg	26	ค่าโทรศัพท์สํานักงาน	268	1746	205	30
051.jpg	26	ค่าไฟฟ้าสํานักงาน	479	1747	176	29
051.jpg	27	ค่าน้าประปา	268	1795	125	35
045.jpg	0	139	797	110	46	23
045.jpg	1	งาน: อนุญาตก่อสร้าง ควบคุมอาคารและผังเมือง	150	499	471	36
045.jpg	1	5,436,436	1235	504	115	27
045.jpg	1	บาท	1393	507	53	21
045.jpg	2	1.งบบุคลากร	152	552	144	30
045.jpg	2	2,107,476	1068	551	115	27
045.jpg	2	บาท	1248	554	53	21
045.jpg	3	1.1 เงินเดือน	160	591	133	29
045.jpg	3	1,782,844	1070	595	114	27
045.jpg	3	บาท	1248	599	53	21
045.jpg	4	01101-1	276	641	92	22
045.jpg	4	อัตราเดิม 5 อัตรา	410	635	171	29
045.jpg	4	1,651,160	1243	643	108	26
045.jpg	4	บาท	1395	646	51	20
045.jpg	5	01102 1	276	688	92	22
045.jpg	5	เงินเลื่อนขั้น	411	676	119	35
045.jpg	5	99,204	1272	690	79	26
045.jpg	5	บาท	1395	693	51	20
045.jpg	6	01106-1	276	735	92	23
045.jpg	6	เงินประจําตําแหน่ง	411	730	182	28
045.jpg	6	11,760	1273	737	78	26
045.jpg	6	บาท	1395	740	51	20
045.jpg	7	011071	276	782	92	23
045.jpg	7	เงินค่าตอบแทนรายเดือนของข้าราชการ	411	776	372	29
045.jpg	7	11,760	1273	784	78	26
045.jpg	7	บาท	1395	787	51	20
045.jpg	8	01108-1	276	828	92	23
045.jpg	8	เงินเพิ่มการครองชีพชั่วคราวของข้าราชการ	411	818	400	34
045.jpg	8	4,480	1285	831	66	26
045.jpg	8	บาท	1395	834	51	20
045.jpg	9	01109-1	276	875	92	23
045.jpg	9	เงินช่วยเหลือค่าครองชีพของข้าราชการ	411	870	367	29
045.jpg	9	4,480	1285	878	66	26
045.jpg	9	บาท	1395	881	51	20
045.jpg	10	1.2 ค่าจ้างประจํา| |	152	912	200	34
045.jpg	10	282,296	1087	922	96	26
045.jpg	10	บาท	1248	925	53	21
045.jpg	11	01201-1	268	968	92	22
045.jpg	11	อัตราเดิม 1 อัตรา	402	962	171	29
045.jpg	11	225,064	1259	970	92	26
045.jpg	11	บาท	1395	973	51	20
045.jpg	12	01202-1	268	1014	92	22
045.jpg	12	เงินเพิ่มค่าจ้างประจํา	403	1004	200	34
045.jpg	12	57,232	1272	1017	79	26
045.jpg	12	บาท	1395	1020	51	20
045.jpg	13	1.3 ค่าจ้างชั่วคราว| |	152	1052	214	34
045.jpg	13	40,320	1101	1060	82	27
045.jpg	13	บาท	1248	1065	53	21
045.jpg	14	02101-1	268	1107	92	22
045.jpg	14	ค่าจ้างชั่วคราว 1	402	1096	161	34
045.jpg	14	อัตรา	563	1101	58	29
045.jpg	14	31,584	1272	1109	79	26
045.jpg	14	บาท	1395	1112	51	20
045.jpg	15	02102-1	268	1153	92	22
045.jpg	15	เงินเพิ่มการครองชีพชั่วคราวของลูกจ้างชั่วคราว	403	1143	438	42
045.jpg	15	2,016	1285	1156	66	26
045.jpg	15	บาท	1395	1159	51	20
045.jpg	16	02103-1	268	1200	92	23
045.jpg	16	เงินช่วยเหลือค่าครองชีพของลูกจ้างชั่วคราว	403	1190	404	42
045.jpg	16	6,720	1285	1203	66	26
045.jpg	16	บาท	1395	1206	51	20
045.jpg	17	1.4 ค่าตอบแทน ใช้สอยและวัสดุ| |	152	1237	342	41
045.jpg	17	2016	1114	1247	69	26
045.jpg	17	บาท	1248	1250	53	21
045.jpg	18	03217-1	268	1292	92	23
045.jpg	18	เงินสมทบกองทุนประกันสังคม	403	1287	287	37
045.jpg	18	2,016	1285	1295	66	26
045.jpg	18	บาท	1395	1298	51	20
045.jpg	19	2. งบดําเนินงาน	150	1379	166	28
045.jpg	19	3,328,960	1068	1384	115	26
045.jpg	19	บาท	1248	1386	53	21
045.jpg	20	ค่าตอบแทน ใช้สอยและวัสดุ	183	1424	280	36
045.jpg	20	3,328,960	1068	1428	115	26
045.jpg	20	บาท	1248	1432	53	21
045.jpg	21	2.1 ค่าใช้สอย	190	1471	142	29
045.jpg	21	3,269,360	1068	1476	115	26
045.jpg	21	บาท	1248	1479	53	21
045.jpg	22	ค่าซ่อมแซมไฟฟ้าสาธารณะ	268	1517	259	29
045.jpg	23	2.2 ค่าวัสดุ	190	1569	118	36
045.jpg	23	59,600	1101	1574	82	26
045.jpg	23	บาท	1248	1577	53	21
045.jpg	24	ค่าวัสดุอุปกรณ์คอมพิวเตอร์	268	1614	263	38
045.jpg	25	ค่าวัสดุสํานักงานประเภทเครื่องเขียน แบบพิมพ์	268	1662	443	42
044.jpg	0	138	797	110	46	23
044.jpg	1	ส่วนใหญ่เป็นค่าวัสดุน้ามันเชื้อเพลิงและน้้ามันหล่อลื่น	268	303	494	43
044.jpg	2	ค่าวัสดุสํานักงานประเภทเครื่องเขียน แบบพิมพ์	268	355	443	42
044.jpg	3	ค่าวัสดุก่อสร้าง ฯลฯ	268	411	196	37
044.jpg	4	3. งบลงทุน	150	517	120	30
044.jpg	4	376,100	1087	517	96	26
044.jpg	4	บาท	1248	519	53	21
044.jpg	5	ครุภัณฑ์ ที่ดินและสิ่งก่อสร้าง	183	551	283	41
044.jpg	5	376,100	1087	561	96	26
044.jpg	5	บาท	1248	564	53	21
044.jpg	6	ค่าครุภัณฑ์	183	601	114	37
044.jpg	6	376,100	1087	606	96	26
044.jpg	6	บาท	1248	610	53	21
044.jpg	7	05105-2	268	652	94	23
044.jpg	7	(1) เครื่องคอมพิวเตอร์สําหรับงานสํานักงาน (จอแสดงภาพ	401	641	541	35
044.jpg	8	ขนาดไม่น้อยกว่า 19 นิ้ว) พร้อมโปรแกรมระบบ	433	698	440	36
044.jpg	9	ปฏิบัติการ (๐5) แบบ 66เห/ ที่มีลิขสิทธิ์ถูกต้อง	433	745	446	43
044.jpg	10	ตามกฎหมาย 10 เครื่อง	433	793	227	41
044.jpg	10	255,100	1259	806	92	26
044.jpg	10	บาท	1395	809	51	20
044.jpg	11	05199-3	268	851	94	23
044.jpg	11	2 เครื่องพิมพ์เลเซอร์หรือ | 60 สี ชนิด 0 แบบที่ 1	401	840	551	35
044.jpg	12	(18 หน้า/นาที) 1 เครื่อง	431	894	234	35
044.jpg	12	10,000	1273	907	78	26
044.jpg	12	บาท	1395	910	51	20
044.jpg	13	05218-1	268	952	92	23
044.jpg	13	(3) เครื่องพิมพ์สําเนาระบบดิจิตอล ความละเอียด	401	941	460	35
044.jpg	14	300%400 จุดต่อตารางนิ้ว	432	995	242	43
044.jpg	14	1 เครื่อง	675	996	85	34
044.jpg	14	111,000	1261	1009	90	26
044.jpg	14	บาท	1395	1012	51	20
050.jpg	0	144	797	110	46	22
050.jpg	1	3. งบลงทุน	150	505	120	30
050.jpg	1	488,000	1087	504	96	27
050.jpg	1	บาท	1248	507	53	21
050.jpg	2	ค่าครุภัณฑ์ ที่ดินและสิ่งก่อสร้าง	183	541	309	41
050.jpg	2	488,000	1087	550	96	27
050.jpg	2	บาท	1248	554	53	21
050.jpg	3	ค่าที่ดินและสิ่งก่อสร้าง	183	590	222	34
050.jpg	3	488,000	1087	598	96	27
050.jpg	3	บาท	1248	603	53	21
050.jpg	4	05314-11	268	646	105	23
050.jpg	4	ขุดลอกลํารางแยกคลองลํานายโส ตั้งแต่ถนนบัวขาวฝั่งใน	402	635	526	43
050.jpg	5	ถึงคลองลํานายโส แขวงมีนบุรี	402	695	282	37
050.jpg	5	488,000	1259	703	92	26
050.jpg	5	บาท	1395	706	51	20
050.jpg	6	- ขุดลอกลํารางแยกคลองลํานายโส ตั้งแต่	409	736	387	43
050.jpg	7	ถนนบัวขาวฝั่งในถึงคลองลํานายโส แขวงมีนบุรี	425	784	436	42
050.jpg	8	กว้างเฉลี่ย 6 ม. ยาวประมาณ 300 ม.	425	831	351	34
050.jpg	9	ลึกจากระดับท้องคลองเดิมถึงระดับขุดลอก	425	883	398	37
050.jpg	10	เฉลี่ย 1 ม. ถึงระดับ รทก.-1.50 ม.	426	925	319	34
050.jpg	10	ขุดโดย	743	930	72	37
050.jpg	11	เครื่องจักรลําเลียงโดยเรือ แล้วใส่รถบรรทุ กไปทิ้ง	426	970	441	43
050.jpg	12	ปริมาณดิน 1,650 ลบ.ม.	425	1025	234	30
037.jpg	0	131	797	110	44	23
037.jpg	1	งาน:  กวาดทําความสะอาดที่และทางสาธารณะ	150	494	450	34
037.jpg	1	43,949,732	1222	504	129	27
037.jpg	1	บาท	1393	507	53	21
037.jpg	2	1.งบบุคลากร	152	552	144	30
037.jpg	2	36,790,548	1055	551	129	27
037.jpg	2	บาท	1248	554	53	21
037.jpg	3	1.1 เงินเดือน	160	591	133	29
037.jpg	3	1,754,026	1070	595	113	27
037.jpg	3	บาท	1248	599	53	21
037.jpg	4	01101-1	276	641	92	22
037.jpg	4	อัตราเดิม 4 อัตรา	410	635	171	29
037.jpg	4	1,636,496	1243	644	108	26
037.jpg	4	บาท	1395	647	51	20
037.jpg	5	01102-1	276	690	92	22
037.jpg	5	เงินเลื่อนขั้น	411	678	119	35
037.jpg	5	98,210	1272	693	79	26
037.jpg	5	บาท	1395	696	51	20
037.jpg	6	01107-1	276	738	92	23
037.jpg	6	เงินค่าตอบแทนรายเดือนของข้าราชการ	411	733	372	29
037.jpg	6	19,320	1273	742	78	26
037.jpg	6	บาท	1395	745	51	20
037.jpg	7	1.2 ค่าจ้างประจํา| |	152	779	200	34
037.jpg	7	24,877,398	1055	788	129	27
037.jpg	7	บาท	1248	792	53	21
037.jpg	8	01201-1	268	836	92	22
037.jpg	8	อัตราเดิม 115 อัตรา	402	830	196	29
037.jpg	8	22,482,684	1228	839	123	26
037.jpg	8	บาท	1395	842	51	20
037.jpg	9	01202-1	268	885	92	22
037.jpg	9	เงินเพิ่มค่าจ้างประจํา	403	874	200	34
037.jpg	9	1,348,950	1242	888	109	26
037.jpg	9	บาท	1395	891	51	20
037.jpg	10	01205-1	268	934	92	23
037.jpg	10	เงินเพิ่มการครองชีพชั่วคราวของลูกจ้างประจํา	403	923	428	42
037.jpg	10	446,844	1259	937	92	26
037.jpg	10	บาท	1395	940	51	20
037.jpg	11	01206-1	268	982	92	23
037.jpg	11	เงินช่วยเหลือค่าครองชีพของลูกจ้างประจํา	403	977	394	37
037.jpg	11	245,456	1259	986	92	26
037.jpg	11	บาท	1395	989	51	20
037.jpg	12	01204-1	268	1031	92	22
037.jpg	12	เงินค่าตอบแทนรายเดือนของลูกจ้างประจํา	403	1025	399	37
037.jpg	12	353,464	1259	1034	92	26
037.jpg	12	บาท	1395	1037	51	20
037.jpg	13	1.3 ค่าจ้างชั่วคราว| |	152	1072	214	34
037.jpg	13	9,304,788	1068	1081	116	27
037.jpg	13	บาท	1248	1085	53	21
037.jpg	14	02101-1	268	1129	92	22
037.jpg	14	ค่าจ้างชั่วคราว 65 อัตรา	402	1118	232	34
037.jpg	14	6,800,364	1241	1132	110	26
037.jpg	14	บาท	1395	1135	51	20
037.jpg	15	02102-1	268	1178	92	22
037.jpg	15	เงินเพิ่มการครองชีพชั่วคราวของลูกจ้างชั่วคราว	403	1167	438	42
037.jpg	15	953,304	1259	1181	92	26
037.jpg	15	บาท	1395	1184	51	20
037.jpg	16	02103-1	268	1226	92	23
037.jpg	16	เงินช่วยเหลือค่าครองชีพของลูกจ้างชั่วคราว	403	1216	404	42
037.jpg	16	1,551,120	1242	1229	109	26
037.jpg	16	บาท	1395	1232	51	20
037.jpg	17	1.4 ค่าตอบแทน ใช้สอยและวัสดุ| |	152	1267	342	41
037.jpg	17	854,336	1087	1276	96	27
037.jpg	17	บาท	1248	1280	53	21
037.jpg	18	03217-1	268	1324	92	23
037.jpg	18	เงินสมทบกองทุนประกันสังคม	403	1318	287	37
037.jpg	18	465,244	1259	1327	92	26
037.jpg	18	บาท	1395	1330	51	20
037.jpg	19	03611-1	268	1373	92	23
037.jpg	19	ค่าเครื่องแต่งกาย	402	1362	168	34
037.jpg	19	35,490	1272	1376	79	26
037.jpg	19	บาท	1395	1379	51	20
037.jpg	20	03128-1	268	1421	92	23
037.jpg	20	เงินตอบแทนพิเศษของลูกจ้างประจํา	403	1416	341	37
037.jpg	20	353,602	1259	1425	92	26
037.jpg	20	บาท	1395	1428	51	20
037.jpg	21	2. งบดําเนินงาน	150	1511	166	28
037.jpg	21	7,159,184	1068	1515	116	27
037.jpg	21	บาท	1248	1518	53	21
037.jpg	22	2.1 ค่าตอบแทน ใช้สอยและวัสดุ	150	1557	321	36
037.jpg	22	6,971,550	1068	1562	115	26
037.jpg	22	บาท	1248	1565	53	21
037.jpg	23	2.1.1 ค่าตอบแทน	190	1608	184	27
037.jpg	23	4,065,810	1068	1610	115	27
037.jpg	23	บาท	1248	1614	53	21
037.jpg	24	ค่าอาหารทําการนอกเวลา	268	1653	245	28
037.jpg	25	ค่าตอบแทนเจ้าหน้าที่เก็บขนมูลฝอย	268	1696	341	42
037.jpg	26	2.1.2 ค่าใช้สอย	190	1752	161	29
037.jpg	26	208,170	1087	1757	96	26
037.jpg	26	บาท	1248	1760	53	21
037.jpg	27	ค่าซ่อมแซมยานพาหนะ	268	1799	225	28
037.jpg	28	ค่าซ่อมแซมครุภัณฑ์	268	1846	194	38
036.jpg	0	130	797	110	46	23
036.jpg	1	2.1.3 ค่าวัสดุ	190	314	137	36
036.jpg	1	1,128,010	1070	319	113	26
036.jpg	1	บาท	1248	322	53	21
036.jpg	2	ส่วนใหญ่เป็นค่าวัสดุน้ามันเชื้อเพลิงและน้้ามันหล่อลื่น	268	357	494	43
036.jpg	3	ค่าวัสดุยานพาหนะ ค่าวัสดุสํานักงานประเภท	268	418	420	37
036.jpg	4	เครื่องเขียน แบบพิมพ์ ฯลฯ	269	467	261	34
036.jpg	5	2.2 ค่าสาธารณูปโภค|[ |	150	527	236	42
036.jpg	5	12,237	1103	537	81	26
036.jpg	5	บาท	1248	540	53	21
036.jpg	6	ค่าโทรศัพท์สํานักงาน	268	580	205	30
036.jpg	6	ค่าไฟฟ้าสํานักงาน	479	581	176	29
036.jpg	7	ค่าน้าประปา	268	622	125	35
036.jpg	8	3. งบลงทุน	150	731	120	30
036.jpg	8	65,620	1101	731	82	26
036.jpg	8	บาท	1248	733	53	21
036.jpg	9	ครุภัณฑ์ ที่ดินและสิ่งก่อสร้าง	183	765	283	41
036.jpg	9	65,620	1101	774	82	26
036.jpg	9	บาท	1248	778	53	21
036.jpg	10	ค่าครุภัณฑ์	183	814	114	37
036.jpg	10	65,620	1101	820	82	26
036.jpg	10	บาท	1248	823	53	21
036.jpg	11	05105-2	268	865	94	23
036.jpg	11	(1) เครื่องคอมพิวเตอร์สําหรับงานสํานักงาน (จอแสดงภาพ	401	854	541	35
036.jpg	12	ขนาดไม่น้อยกว่า 19 นิ้ว) พร้อมโปรแกรมระบบ	433	910	440	36
036.jpg	13	ปฏิบัติการ (๐5) แบบ 66เห/ ที่มีลิขสิทธิ์ถูกต้อง	433	957	446	43
036.jpg	14	ตามกฎหมาย 2  เครื่อง	433	1005	214	41
036.jpg	14	51,020	1272	1018	79	26
036.jpg	14	บาท	1395	1021	51	20
036.jpg	15	05199-3	268	1062	94	23
036.jpg	15	2 เครื่องทําน้าเย็นแบบต่อท่อ ขนาด 2 897 1 เครื่อง	401	1051	503	36
036.jpg	15	14,600	1273	1064	78	26
036.jpg	15	บาท	1395	1067	51	20
034.jpg	0	128	797	110	46	23
034.jpg	1	งาน: บริหารทั่วไปและจัดเก็บรายได้	150	400	346	34
034.jpg	1	6,401,600	1235	410	115	27
034.jpg	1	บาท	1393	413	53	21
034.jpg	2	1.งบบุคลากร	152	458	144	30
034.jpg	2	4,700,100	1068	457	115	27
034.jpg	2	บาท	1248	460	53	21
034.jpg	3	1.1 เงินเดือน	160	497	133	29
034.jpg	3	4,234,400	1068	501	115	27
034.jpg	3	บาท	1248	505	53	21
034.jpg	4	01101-1	276	547	92	22
034.jpg	4	อัตราเดิม 12 อัตรา	410	542	183	29
034.jpg	4	3,975,400	1241	549	110	26
034.jpg	4	บาท	1395	552	51	20
034.jpg	5	01102-1	276	594	92	22
034.jpg	5	เงินเลื่อนขั้น	411	582	119	35
034.jpg	5	239,700	1259	596	92	26
034.jpg	5	บาท	1395	599	51	20
034.jpg	6	011071	276	641	92	23
034.jpg	6	เงินค่าตอบแทนรายเดือนของข้าราชการ	411	635	372	29
034.jpg	6	14,000	1273	643	78	26
034.jpg	6	บาท	1395	646	51	20
034.jpg	7	01108-1	276	688	92	23
034.jpg	7	เงินเพิ่มการครองชีพชั่วคราวของข้าราชการ	411	677	400	34
034.jpg	7	4,400	1285	690	66	26
034.jpg	7	บาท	1395	693	51	20
034.jpg	8	01109-1	276	735	92	23
034.jpg	8	เงินช่วยเหลือค่าครองชีพของข้าราชการ	411	729	367	29
034.jpg	8	900	1303	737	48	23
034.jpg	8	บาท	1395	740	51	20
034.jpg	9	1.2 ค่าจ้างประจํา| |	152	772	200	34
034.jpg	9	463,100	1087	781	96	27
034.jpg	9	บาท	1248	785	53	21
034.jpg	10	01201-1	268	827	92	22
034.jpg	10	อัตราเดิม 2 อัตรา	402	821	171	29
034.jpg	10	403,200	1259	829	92	26
034.jpg	10	บาท	1395	832	51	20
034.jpg	11	01202-1	268	874	92	22
034.jpg	11	เงินเพิ่มค่าจ้างประจํา	403	863	200	34
034.jpg	11	24,200	1272	876	79	26
034.jpg	11	บาท	1395	879	51	20
034.jpg	12	01205-1	268	921	92	23
034.jpg	12	เงินเพิ่มการครองชีพชั่วคราวของลูกจ้างประจํา	403	910	428	42
034.jpg	12	11,700	1273	923	78	26
034.jpg	12	บาท	1395	926	51	20
034.jpg	13	01206-1	268	968	92	23
034.jpg	13	เงินช่วยเหลือค่าครองชีพของลูกจ้างประจํา	403	962	394	37
034.jpg	13	24,000	1272	970	79	26
034.jpg	13	บาท	1395	973	51	20
034.jpg	14	1.3 ค่าตอบแทน ใช้สอยและวัสดุ| |	152	1005	342	41
034.jpg	14	2,600	1114	1014	69	26
034.jpg	14	บาท	1248	1018	53	21
034.jpg	15	03611-1	268	1060	92	23
034.jpg	15	ค่าเครื่องแต่งกาย	402	1049	168	34
034.jpg	15	2,600	1285	1062	66	26
034.jpg	15	บาท	1395	1065	51	20
034.jpg	16	2. งบดําเนินงาน	150	1152	166	28
034.jpg	16	1,701,500	1070	1157	113	26
034.jpg	16	บาท	1248	1159	53	21
034.jpg	17	2.1 ค่าตอบแทน ใช้สอยและวัสดุ	150	1197	321	36
034.jpg	17	501,500	1087	1201	96	26
034.jpg	17	บาท	1248	1205	53	21
034.jpg	18	2.1.1 ค่าตอบแทน	190	1247	184	27
034.jpg	18	84,000	1101	1249	82	27
034.jpg	18	บาท	1248	1253	53	21
034.jpg	19	ค่าอาหารทําการนอกเวลา	268	1297	245	28
034.jpg	20	2.1.2 ค่าใช้สอย	190	1347	161	29
034.jpg	20	192,800	1089	1352	94	26
034.jpg	20	บาท	1248	1355	53	21
034.jpg	21	ค่าซ่อมแซมยานพาหนะ	268	1395	225	28
034.jpg	22	ค่าซ่อมแซมครุภัณฑ์	268	1444	194	38
034.jpg	23	ค่าจ้างเหมาบริการเป็นรายบุคคล	268	1495	311	38
034.jpg	24	2.1.3 ค่าวัสดุ	190	1551	137	36
034.jpg	24	224,700	1087	1555	96	27
034.jpg	24	บาท	1248	1559	53	21
034.jpg	25	ค่าวัสดุน้ามันเชื้อเพลิงและน้ามันหล่อลื่น	268	1592	375	43
034.jpg	26	ค่าวัสดุอุปกรณ์คอมพิวเตอร์	268	1648	263	38
034.jpg	27	ค่าวัสดุยานพาหนะ	268	1700	181	37
034.jpg	28	ค่าวัสดุสํานักงานประเภทเครื่องเขียน แบบพิมพ์	268	1746	443	42
034.jpg	29	2.2 ค่าสาธารณูปโภค|[ |	150	1798	236	42
034.jpg	29	1,200,000	1070	1808	113	26
034.jpg	29	บาท	1248	1811	53	21
034.jpg	30	ค่าไปรษณีย์	268	1847	118	30
035.jpg	0	129	797	110	46	23
035.jpg	1	งาน: บริหารทั่วไปฝ่ายรักษาความสะอาด	150	477	393	34
035.jpg	1	4,498,726	1235	487	115	27
035.jpg	1	บาท	1393	490	53	21
035.jpg	2	1.งบบุคลากร	152	535	144	30
035.jpg	2	2,408,899	1068	534	115	27
035.jpg	2	บาท	1248	537	53	21
035.jpg	3	1.1 เงินเดือน	152	574	133	29
035.jpg	3	114,393	1089	577	95	27
035.jpg	3	บาท	1248	582	53	21
035.jpg	4	01101-1	268	624	92	22
035.jpg	4	อัตราเดิม 1 อัตรา	402	618	171	29
035.jpg	4	106,728	1261	626	90	26
035.jpg	4	บาท	1395	629	51	20
035.jpg	5	01102-1	268	670	92	22
035.jpg	5	เงินเลื่อนขั้น	403	659	120	35
035.jpg	5	6,405	1285	673	65	26
035.jpg	5	บาท	1395	676	51	20
035.jpg	6	01107-1	268	717	92	23
035.jpg	6	เงินค่าตอบแทนรายเดือนของข้าราชการ	403	712	372	29
035.jpg	6	1,260	1287	719	64	26
035.jpg	6	บาท	1395	722	51	20
035.jpg	7	1.2 ค่าจ้างประจํา| |	152	754	200	34
035.jpg	7	1,622,439	1070	763	113	27
035.jpg	7	บาท	1248	767	53	21
035.jpg	8	01201-1	268	809	92	22
035.jpg	8	อัตราเดิม 7 อัตรา	402	804	171	29
035.jpg	8	1,466,262	1243	812	108	26
035.jpg	8	บาท	1395	815	51	20
035.jpg	9	01202-1	268	856	92	22
035.jpg	9	เงินเพิ่มค่าจ้างประจํา	403	846	200	34
035.jpg	9	87,975	1272	859	78	26
035.jpg	9	บาท	1395	862	51	20
035.jpg	10	01205-1	268	903	92	23
035.jpg	10	เงินเพิ่มการครองชีพชั่วคราวของลูกจ้างประจํา	403	893	428	42
035.jpg	10	29, 142	1272	905	79	26
035.jpg	10	บาท	1395	908	51	20
035.jpg	11	01206-1	268	950	92	23
035.jpg	11	เงินช่วยเหลือค่าครองชีพของลูกจ้างประจํา	403	944	394	37
035.jpg	11	16,008	1273	952	78	26
035.jpg	11	บาท	1395	955	51	20
035.jpg	12	01204-1	268	997	92	22
035.jpg	12	เงินค่าตอบแทนรายเดือนของลูกจ้างประจํา	403	991	399	37
035.jpg	12	23,052	1272	999	79	26
035.jpg	12	บาท	1395	1002	51	20
035.jpg	13	1.3 ค่าจ้างชั่วคราว| |	152	1034	214	34
035.jpg	13	606,834	1087	1043	97	27
035.jpg	13	บาท	1248	1047	53	21
035.jpg	14	02101-1	268	1089	92	22
035.jpg	14	ค่าจ้างชั่วคราว 4 อัตรา	402	1078	219	34
035.jpg	14	443,502	1259	1091	92	26
035.jpg	14	บาท	1395	1094	51	20
035.jpg	15	02102-1	268	1136	92	22
035.jpg	15	เงินเพิ่มการครองชีพชั่วคราวของลูกจ้างชั่วคราว	403	1125	438	42
035.jpg	15	62,172	1272	1138	79	26
035.jpg	15	บาท	1395	1141	51	20
035.jpg	16	02103-1	268	1183	92	23
035.jpg	16	เงินช่วยเหลือค่าครองชีพของลูกจ้างชั่วคราว	403	1172	404	42
035.jpg	16	101,160	1261	1185	90	26
035.jpg	16	บาท	1395	1188	51	20
035.jpg	17	1.4 ค่าตอบแทน ใช้สอยและวัสดุ| |	152	1220	342	41
035.jpg	17	65,233	1101	1230	83	26
035.jpg	17	บาท	1248	1233	53	21
035.jpg	18	03217-1	268	1275	92	23
035.jpg	18	เงินสมทบกองทุนประกันสังคม	403	1269	287	37
035.jpg	18	30,342	1272	1277	79	26
035.jpg	18	บาท	1395	1280	51	20
035.jpg	19	03611-1	268	1322	92	23
035.jpg	19	ค่าเครื่องแต่งกาย	402	1311	168	34
035.jpg	19	11,830	1273	1324	78	26
035.jpg	19	บาท	1395	1327	51	20
035.jpg	20	03128-1	268	1369	92	23
035.jpg	20	เงินตอบแทนพิเศษของลูกจ้างประจํา	403	1363	341	37
035.jpg	20	23,061	1272	1371	77	26
035.jpg	20	บาท	1395	1374	51	20
035.jpg	21	2. งบดําเนินงาน	150	1461	166	28
035.jpg	21	2,024,207	1068	1465	116	27
035.jpg	21	บาท	1248	1468	53	21
035.jpg	22	2.1 ค่าตอบแทน ใช้สอยและวัสดุ	150	1506	321	36
035.jpg	22	2,011,970	1068	1510	115	26
035.jpg	22	บาท	1248	1514	53	21
035.jpg	23	2.1.1 ค่าตอบแทน	190	1558	184	27
035.jpg	23	812770	1087	1561	96	26
035.jpg	23	บาท	1248	1564	53	21
035.jpg	24	ค่าอาหารทําการนอกเวลา	268	1606	245	28
035.jpg	25	2.1.2 ค่าใช้สอย	190	1665	161	29
035.jpg	25	71,190	1101	1670	82	26
035.jpg	25	บาท	1248	1673	53	21
035.jpg	26	ค่าซ่อมแซมยานพาหนะ	268	1715	225	28
035.jpg	27	ค่าซ่อมแซมครุภัณฑ์	268	1767	194	38
035.jpg	28	ค่าซ่อมแซมเครื่องจักรกลและเครื่องทุ่นแรง	268	1818	401	42
031.jpg	0	125	797	110	45	23
031.jpg	1	05101-2	268	314	94	23
031.jpg	1	2 เครื่องปรับอากาศ แบบแยกส่วน (ราคารวมค่าติดตั้ง)	401	303	520	36
031.jpg	2	แบบตั้งพื้นหรือแบบแขวน ขนาด 13,000 978 1 เครื่อง	434	359	517	43
031.jpg	2	21,000	1272	378	79	26
031.jpg	2	บาท	1395	381	51	20
031.jpg	3	05101-3	268	428	94	23
031.jpg	3	(3) เครื่องปรับอากาศ แบบแยกส่วน(ราคารวมค่าติดตั้ง)	401	416	512	36
031.jpg	4	แบบตั้งพื้นหรือแบบแขวน ขนาด 18,000 978 1 เครื่อง	434	473	517	43
031.jpg	4	27,800	1272	491	79	26
031.jpg	4	บาท	1395	494	51	20
031.jpg	5	05105-4	268	541	94	23
031.jpg	5	(@) เครื่องคอมพิวเตอร์สําหรับงานสํานักงาน(จอแสดงภาพ	401	531	533	35
031.jpg	6	ขนาดไม่น้อยกว่า 19 นิ้ว) พร้อมโปรแกรมระบบ	433	590	440	36
031.jpg	7	ปฏิบัติการ (๐5) แบบ 66เห/ ที่มีลิขสิทธิ์ถูกต้อง	433	644	446	43
031.jpg	8	ตามกฎหมาย 2  เครื่อง	433	700	214	41
031.jpg	8	51,020	1272	716	79	26
031.jpg	8	บาท	1395	719	51	20
031.jpg	9	05199-5	268	765	93	23
031.jpg	9	(5) เครื่องพิมพ์เลเซอร์หรือ | 60 ขาวดํา ชนิด	401	754	418	35
031.jpg	10	ผลเพอฟะ แบบที่ 1 28 หน้า/นาที) 2 เครื่อง	433	804	414	35
031.jpg	10	17,800	1273	814	78	26
031.jpg	10	บาท	1395	817	51	20
030.jpg	0	124	797	110	46	22
030.jpg	1	งาน: บริหารทั่วไปและบริการทะเบียน	150	307	364	34
030.jpg	1	8,128,520	1235	318	115	26
030.jpg	1	บาท	1393	320	53	21
030.jpg	2	1.งบบุคลากร	152	364	144	30
030.jpg	2	6,573,100	1068	364	115	26
030.jpg	2	บาท	1248	366	53	21
030.jpg	3	1.1 เงินเดือน	160	403	133	29
030.jpg	3	6,218,200	1068	408	115	26
030.jpg	3	บาท	1248	411	53	21
030.jpg	4	01101-1	276	453	92	22
030.jpg	4	อัตราเดิม 16 อัตรา	410	448	183	29
030.jpg	4	5,822,400	1241	456	110	26
030.jpg	4	บาท	1395	459	51	20
030.jpg	5	01102-1	276	500	92	22
030.jpg	5	เงินเลื่อนขั้น	411	489	119	35
030.jpg	5	350,100	1259	503	92	26
030.jpg	5	บาท	1395	506	51	20
030.jpg	6	01107-1	276	547	92	23
030.jpg	6	เงินค่าตอบแทนรายเดือนของข้าราชการ	411	542	372	29
030.jpg	6	42,000	1272	549	79	26
030.jpg	6	บาท	1395	552	51	20
030.jpg	7	01108-1	276	594	92	23
030.jpg	7	เงินเพิ่มการครองชีพชั่วคราวของข้าราชการ	411	583	400	34
030.jpg	7	2,900	1285	596	66	26
030.jpg	7	บาท	1395	599	51	20
030.jpg	8	01109-1	276	641	92	23
030.jpg	8	เงินช่วยเหลือค่าครองชีพของข้าราชการ	411	635	367	29
030.jpg	8	800	1303	643	48	23
030.jpg	8	บาท	1395	646	51	20
030.jpg	9	1.2 ค่าจ้างประจํา| |	152	678	200	34
030.jpg	9	353,600	1087	688	96	26
030.jpg	9	บาท	1248	691	53	21
030.jpg	10	01201-1	268	733	92	22
030.jpg	10	อัตราเดิม 1 อัตรา	402	727	171	29
030.jpg	10	333,500	1259	735	92	26
030.jpg	10	บาท	1395	738	51	20
030.jpg	11	01202-1	268	780	92	22
030.jpg	11	เงินเพิ่มค่าจ้างประจํา	403	769	200	34
030.jpg	11	20,100	1272	782	79	26
030.jpg	11	บาท	1395	785	51	20
030.jpg	12	1.3 ค่าตอบแทน ใช้สอยและวัสดุ| |	152	817	342	41
030.jpg	12	1,300	1116	827	67	26
030.jpg	12	บาท	1248	830	53	21
030.jpg	13	03611-1	268	872	92	23
030.jpg	13	ค่าเครื่องแต่งกาย	402	862	168	34
030.jpg	13	1,300	1287	874	64	26
030.jpg	13	บาท	1395	877	51	20
030.jpg	14	2. งบดําเนินงาน	150	964	166	28
030.jpg	14	1,293,800	1070	969	113	26
030.jpg	14	บาท	1248	971	53	21
030.jpg	15	2.1 ค่าตอบแทน ใช้สอยและวัสดุ	150	1009	321	36
030.jpg	15	1,293,800	1070	1014	113	26
030.jpg	15	บาท	1248	1017	53	21
030.jpg	16	2.1 ค่าตอบแทน	190	1057	165	27
030.jpg	16	427,800	1087	1059	96	27
030.jpg	16	บาท	1248	1063	53	21
030.jpg	17	ค่าอาหารทําการนอกเวลา	268	1101	245	28
030.jpg	18	2.2 ค่าใช้สอย	190	1145	142	29
030.jpg	18	507,100	1087	1150	96	26
030.jpg	18	บาท	1248	1153	53	21
030.jpg	19	ค่าซ่อมแซมยานพาหนะ	268	1191	225	28
030.jpg	20	ค่าซ่อมแซมครุภัณฑ์	268	1234	194	38
030.jpg	21	ค่าจ้างเหมาบริการเป็นรายบุคคล	268	1279	311	38
030.jpg	22	2.3 ค่าวัสดุ	190	1372	118	36
030.jpg	22	358,900	1087	1377	96	26
030.jpg	22	บาท	1248	1380	53	21
030.jpg	23	ค่าวัสดุน้ามันเชื้อเพลิงและน้ามันหล่อลื่น	268	1410	375	43
030.jpg	24	ค่าวัสดุอุปกรณ์คอมพิวเตอร์	268	1461	263	38
030.jpg	25	ค่าวัสดุยานพาหนะ	268	1507	181	37
030.jpg	26	ค่าวัสดุสํานักงานประเภทเครื่องเขียน แบบพิมพ์	268	1547	443	42
030.jpg	27	3. งบลงทุน	150	1652	120	30
030.jpg	27	261,620	1087	1652	96	26
030.jpg	27	บาท	1248	1654	53	21
030.jpg	28	ค่าครุภัณฑ์ ที่ดินและสิ่งก่อสร้าง	183	1686	309	41
030.jpg	28	261,620	1087	1695	96	26
030.jpg	28	บาท	1248	1699	53	21
030.jpg	29	ค่าครุภัณฑ์	183	1735	114	37
030.jpg	29	261,620	1087	1741	96	26
030.jpg	29	บาท	1248	1744	53	21
030.jpg	30	05101-1	268	1786	92	23
030.jpg	30	1 เครื่องปรับอากาศ แบบแยกส่วน (ราคารวมค่าติดตั้ง)	401	1774	520	36
030.jpg	31	แบบตั้งพื้นหรือแบบแขวน ขนาด 26,000 978 4 เครื่อง	434	1831	517	43
030.jpg	31	144,000	1261	1850	90	26
030.jpg	31	บาท	1395	1853	51	20
032.jpg	0	126	797	110	46	23
032.jpg	1	งาน: บริหารทั่วไปและบริหารการคลัง	150	353	363	34
032.jpg	1	6,668,630	1235	364	115	26
032.jpg	1	บาท	1393	366	53	21
032.jpg	2	1.งบบุคลากร	152	411	144	30
032.jpg	2	5,731,200	1068	411	115	26
032.jpg	2	บาท	1248	413	53	21
032.jpg	3	1.1 เงินเดือน	152	450	133	29
032.jpg	3	4,962,500	1068	454	115	27
032.jpg	3	บาท	1248	458	53	21
032.jpg	4	01101-1	268	500	92	22
032.jpg	4	อัตราเดิม 13 อัตรา	402	495	184	29
032.jpg	4	4,637,000	1241	503	110	26
032.jpg	4	บาท	1395	506	51	20
032.jpg	5	01102-1	268	547	92	22
032.jpg	5	เงินเลื่อนขั้น	403	536	120	35
032.jpg	5	278,200	1259	549	92	26
032.jpg	5	บาท	1395	552	51	20
032.jpg	6	01107-1	268	594	92	23
032.jpg	6	เงินค่าตอบแทนรายเดือนของข้าราชการ	403	588	372	29
032.jpg	6	42,000	1272	596	79	26
032.jpg	6	บาท	1395	599	51	20
032.jpg	7	01108-1	268	641	92	23
032.jpg	7	เงินเพิ่มการครองชีพชั่วคราวของข้าราชการ	403	630	401	34
032.jpg	7	4,400	1285	643	66	26
032.jpg	7	บาท	1395	646	51	20
032.jpg	8	01109-1	268	688	92	23
032.jpg	8	เงินช่วยเหลือค่าครองชีพของข้าราชการ	403	682	367	29
032.jpg	8	900	1303	690	48	23
032.jpg	8	บาท	1395	693	51	20
032.jpg	9	1.2 ค่าจ้างประจํา| |	152	729	200	34
032.jpg	9	633,600	1087	738	96	26
032.jpg	9	บาท	1248	742	53	21
032.jpg	10	01201-1	268	787	92	22
032.jpg	10	อัตราเดิม 2 อัตรา	402	782	171	29
032.jpg	10	597,600	1259	790	92	26
032.jpg	10	บาท	1395	793	51	20
032.jpg	11	01202-1	268	834	92	22
032.jpg	11	เงินเพิ่มค่าจ้างประจํา	403	824	200	34
032.jpg	11	36,000	1272	836	79	26
032.jpg	11	บาท	1395	839	51	20
032.jpg	12	1.4 ค่าตอบแทน ใช้สอยและวัสดุ| |	152	871	342	41
032.jpg	12	135,100	1089	881	94	26
032.jpg	12	บาท	1248	884	53	21
032.jpg	13	03293-1	268	926	92	23
032.jpg	13	เงินสมทบเข้ากองทุนเงินทดแทน	403	921	304	37
032.jpg	13	132,500	1261	929	90	26
032.jpg	13	บาท	1395	932	51	20
032.jpg	14	03611-1	268	973	92	23
032.jpg	14	ค่าเครื่องแต่งกาย	402	963	168	34
032.jpg	14	2,600	1285	975	66	26
032.jpg	14	บาท	1395	978	51	20
032.jpg	15	2. งบดําเนินงาน	150	1071	166	28
032.jpg	15	852000	1087	1076	96	26
032.jpg	15	บาท	1248	1078	53	21
032.jpg	16	2.1 ค่าตอบแทน ใช้สอยและวัสดุ	150	1119	321	36
032.jpg	16	717,000	1087	1123	96	26
032.jpg	16	บาท	1248	1127	53	21
032.jpg	17	2.1.1 ค่าตอบแทน	190	1173	184	27
032.jpg	17	294,400	1087	1175	96	27
032.jpg	17	บาท	1248	1179	53	21
032.jpg	18	ค่าอาหารทําการนอกเวลา	268	1225	245	28
032.jpg	19	2.1.2 ค่าใช้สอย	190	1276	161	29
032.jpg	19	184,500	1089	1280	94	27
032.jpg	19	บาท	1248	1284	53	21
032.jpg	20	ค่าซ่อมแซมยานพาหนะ	268	1325	225	28
032.jpg	21	ค่าซ่อมแซมครุภัณฑ์	268	1376	194	38
032.jpg	22	ค่าจ้างเหมาบริการเป็นรายบุคคล	268	1428	311	38
032.jpg	23	2.1.3 ค่าวัสดุ	190	1487	137	36
032.jpg	23	238,100	1087	1491	96	26
032.jpg	23	บาท	1248	1495	53	21
032.jpg	24	ค่าวัสดุน้ามันเชื้อเพลิงและน้ามันหล่อลื่น	268	1528	375	43
032.jpg	25	ค่าวัสดุอุปกรณ์คอมพิวเตอร์	268	1586	263	38
032.jpg	26	ค่าวัสดุยานพาหนะ	268	1640	181	37
032.jpg	27	ค่าวัสดุสํานักงานประเภทเครื่องเขียน แบบพิมพ์	268	1687	443	42
032.jpg	28	2.2 ค่าสาธารณูปโภค|[ |	150	1741	236	42
032.jpg	28	135,000	1089	1750	94	26
032.jpg	28	บาท	1248	1754	53	21
032.jpg	29	ค่าโทรศัพท์สํานักงาน	268	1789	205	30
032.jpg	30	ค่าไปรษณีย์	268	1836	118	30
027.jpg	0	121	797	110	44	22
027.jpg	1	รายละเอียดงบประมาณจําแนกตามงบรายจ่าย	149	346	446	29
027.jpg	2	งาน: อํานวยการและบริหารสํานักงานเขต	150	393	401	29
027.jpg	2	18,460,273	1224	398	127	27
027.jpg	2	บาท	1393	401	53	21
027.jpg	3	1.งบบุคลากร	152	446	144	30
027.jpg	3	11,146,589	1057	445	126	27
027.jpg	3	บาท	1248	448	53	21
027.jpg	4	1.1 เงินเดือน	160	485	133	29
027.jpg	4	8,265,174	1068	489	116	27
027.jpg	4	บาท	1248	493	53	21
027.jpg	5	01101-1	276	535	92	22
027.jpg	5	อัตราเดิม 16 อัตรา	410	529	183	29
027.jpg	5	7,342,104	1241	537	110	26
027.jpg	5	บาท	1395	540	51	20
027.jpg	6	01102 1	276	582	92	22
027.jpg	6	เงินเลื่อนขั้น	411	570	119	35
027.jpg	6	440,568	1259	584	92	26
027.jpg	6	บาท	1395	587	51	20
027.jpg	7	01106-1	276	629	92	23
027.jpg	7	เงินประจําตําแหน่ง	411	624	182	28
027.jpg	7	221,328	1259	631	92	26
027.jpg	7	บาท	1395	634	51	20
027.jpg	8	01107-1	276	675	92	23
027.jpg	8	เงินค่าตอบแทนรายเดือนของข้าราชการ	411	670	372	29
027.jpg	8	257,868	1259	678	92	26
027.jpg	8	บาท	1395	681	51	20
027.jpg	9	01109-1	276	722	92	23
027.jpg	9	เงินช่วยเหลือค่าครองชีพของข้าราชการ	411	717	367	29
027.jpg	9	3,306	1285	725	66	26
027.jpg	9	บาท	1395	728	51	20
027.jpg	10	1.2 ค่าจ้างประจํา| |	152	760	200	34
027.jpg	10	2,743,371	1068	768	114	27
027.jpg	10	บาท	1248	773	53	21
027.jpg	11	01201-1	268	815	92	22
027.jpg	11	อัตราเดิม 11 อัตรา	402	809	184	29
027.jpg	11	2,588,076	1241	817	110	26
027.jpg	11	บาท	1395	820	51	20
027.jpg	12	01202-1	268	861	92	22
027.jpg	12	เงินเพิ่มค่าจ้างประจํา	403	851	200	34
027.jpg	12	155,295	1260	864	90	26
027.jpg	12	บาท	1395	867	51	20
027.jpg	13	1.3 ค่าจ้างชั่วคราว| |	152	899	214	34
027.jpg	13	125,280	1089	908	94	26
027.jpg	13	บาท	1248	912	53	21
027.jpg	14	02101-1	268	954	92	22
027.jpg	14	ค่าจ้างชั่วคราว 1	402	943	161	34
027.jpg	14	อัตรา	563	948	58	29
027.jpg	14	90,741	1272	956	77	26
027.jpg	14	บาท	1395	959	51	20
027.jpg	15	02102-1	268	1000	92	22
027.jpg	15	เงินเพิ่มการครองชีพชั่วคราวของลูกจ้างชั่วคราว	403	990	438	42
027.jpg	15	13,659	1273	1003	78	26
027.jpg	15	บาท	1395	1006	51	20
027.jpg	16	02103-1	268	1047	92	23
027.jpg	16	เงินช่วยเหลือค่าครองชีพของลูกจ้างชั่วคราว	403	1037	404	42
027.jpg	16	20,880	1272	1050	79	26
027.jpg	16	บาท	1395	1053	51	20
027.jpg	17	1.4 ค่าตอบแทน ใช้สอยและวัสดุ| |	152	1084	342	41
027.jpg	17	12,764	1103	1093	81	27
027.jpg	17	บาท	1248	1097	53	21
027.jpg	18	03217-1	268	1139	92	23
027.jpg	18	เงินสมทบกองทุนประกันสังคม	403	1134	287	37
027.jpg	18	6,264	1285	1142	66	26
027.jpg	18	บาท	1395	1145	51	20
027.jpg	19	03611-1	268	1186	92	23
027.jpg	19	ค่าเครื่องแต่งกาย	402	1176	168	34
027.jpg	19	6,500	1285	1189	66	26
027.jpg	19	บาท	1395	1192	51	20
027.jpg	20	2. งบดําเนินงาน	150	1278	166	28
027.jpg	20	6,350,784	1068	1282	116	27
027.jpg	20	บาท	1248	1285	53	21
027.jpg	21	2.1 ค่าตอบแทน ใช้สอยและวัสดุ	150	1323	321	36
027.jpg	21	4,299,498	1068	1327	116	27
027.jpg	21	บาท	1248	1331	53	21
027.jpg	22	2.1.1 ค่าตอบแทน	190	1371	184	27
027.jpg	22	298,298	1087	1374	97	26
027.jpg	22	บาท	1248	1377	53	21
027.jpg	23	ค่าอาหารทําการนอกเวลา	276	1415	245	28
027.jpg	24	2.1.2 ค่าใช้สอย	190	1460	161	29
027.jpg	24	3,282,900	1068	1464	115	26
027.jpg	24	บาท	1248	1468	53	21
027.jpg	25	ส่วนใหญ่เป็นค่าจ้างเหมาดูแลทรัพย์สินและ	284	1503	398	38
027.jpg	26	รักษาความปลอดภัย	284	1556	196	29
027.jpg	26	ค่าบํารุงรักษาซ่อมแซม	486	1556	218	37
027.jpg	27	เครื่องปรับอากาศ ค่าซ่อมแซมยานพาหนะ	285	1604	394	34
027.jpg	27	ฯๆลา	680	1618	49	19
027.jpg	28	2.1.3 ค่าวัสดุ	190	1663	137	36
027.jpg	28	718,300	1087	1667	96	26
027.jpg	28	บาท	1248	1671	53	21
027.jpg	29	ส่วนใหญ่เป็นค่าวัสดุไฟฟ้า ประปา งานบ้าน งานครัว	276	1706	483	38
027.jpg	30	และงานสวน	277	1767	125	21
027.jpg	30	ค่าวัสดุน้ามันเชื้อเพลิงและน้ามันหล่อลื่น	407	1753	375	43
027.jpg	31	ค่าวัสดุสํานักงานประ เภทเครื่องเขียน แบบพิมพ์ ฯลฯ	276	1807	492	42
033.jpg	0	127	797	110	46	23
033.jpg	1	3. งบลงทุน	150	458	120	30
033.jpg	1	85,430	1101	457	82	27
033.jpg	1	บาท	1248	460	53	21
033.jpg	2	ครุภัณฑ์ ที่ดินและสิ่งก่อสร้าง	183	492	283	41
033.jpg	2	85,430	1101	501	82	27
033.jpg	2	บาท	1248	505	53	21
033.jpg	3	ค่าครุภัณฑ์	183	541	114	37
033.jpg	3	85,430	1101	546	82	27
033.jpg	3	บาท	1248	550	53	21
033.jpg	4	05105-1	268	592	92	23
033.jpg	4	(1) เครื่องคอมพิวเตอร์สําหรับงานสํานักงาน (จอแสดงภาพ	401	582	541	35
033.jpg	5	ขนาดไม่น้อยกว่า 19 นิ้ว) พร้อมโปรแกรมระบบ	433	639	440	36
033.jpg	6	ปฏิบัติการ (๐5) แบบ 66เห/ ที่มีลิขสิทธิ์ถูกต้อง	433	696	446	43
033.jpg	7	ตามกฎหมาย 3  เครื่อง	433	754	214	41
033.jpg	7	76,530	1272	771	79	26
033.jpg	7	บาท	1395	774	51	20
033.jpg	8	05199-2	268	821	94	23
033.jpg	8	2 เครื่องพิมพ์เลเซอร์หรือ | 60 ขาวดําชนิด 8	401	810	508	35
033.jpg	9	แบบที่ 1 (28 หน้า/นาที) 1 เครื่อง	434	868	318	35
033.jpg	9	8,900	1285	881	66	26
033.jpg	9	บาท	1395	884	51	20
